https://videos.nba.com/nba/pbp/media/2024/01/15/0022300559/541/0f02de71-0158-7043-7db3-42c1b151394c_1280x720.mp4,McDermott 26' 3PT Jump Shot (6 PTS) (Wembanyama 1 AST)
https://videos.nba.com/nba/pbp/media/2024/01/15/0022300559/702/284e1e6e-48f2-468a-4d73-8da48c6ba456_1280x720.mp4,Jones 2' Layup (6 PTS) (Wembanyama 2 AST)
https://videos.nba.com/nba/pbp/media/2023/11/30/0022300272/39/77ca1056-aa36-607c-2932-de5552f88570_1280x720.mp4,Collins 4' Layup (2 PTS) (Wembanyama 1 AST)
https://videos.nba.com/nba/pbp/media/2023/11/30/0022300272/626/1534e000-fff4-fb17-a0b7-5147f2461141_1280x720.mp4,Sochan 1' Cutting Dunk Shot (28 PTS) (Wembanyama 2 AST)
https://videos.nba.com/nba/pbp/media/2024/01/17/0022300571/543/2f3570d7-ea9f-b49d-9e2a-52ed71dd6bb8_1280x720.mp4,Jones 4' Running Finger Roll Layup (7 PTS) (Wembanyama 1 AST)
https://videos.nba.com/nba/pbp/media/2023/12/31/0022300448/187/33897eea-7634-6ef3-d0c5-71e43ea47336_1280x720.mp4,Vassell 13' Jump Shot (11 PTS) (Wembanyama 1 AST)
https://videos.nba.com/nba/pbp/media/2023/12/31/0022300448/210/238626d0-0cfd-faf1-0217-7d0727ea44d1_1280x720.mp4,Sochan 3' Cutting Layup Shot (6 PTS) (Wembanyama 2 AST)
https://videos.nba.com/nba/pbp/media/2023/12/31/0022300448/347/71f9e1a8-7d3a-303d-33dd-9c353c298065_1280x720.mp4,Branham 2' Cutting Layup Shot (11 PTS) (Wembanyama 3 AST)
https://videos.nba.com/nba/pbp/media/2024/02/03/0022300703/21/e8077ecf-ef58-469d-35f0-79f6648fa1bc_1280x720.mp4,Champagnie 26' 3PT Jump Shot (3 PTS) (Wembanyama 1 AST)
https://videos.nba.com/nba/pbp/media/2024/02/03/0022300703/156/32e5f042-a229-69c4-a337-280d2cb22d3c_1280x720.mp4,Osman 26' 3PT Jump Shot (4 PTS) (Wembanyama 2 AST)
https://videos.nba.com/nba/pbp/media/2024/02/03/0022300703/391/15aa31f0-e721-bb1e-3bc6-001ae07da97a_1280x720.mp4,Jones 2' Reverse Layup (4 PTS) (Wembanyama 3 AST)
https://videos.nba.com/nba/pbp/media/2024/01/07/0022300497/37/8e582e91-6f17-7636-d567-a23712b08617_1280x720.mp4,Jones 1' Cutting Layup Shot (2 PTS) (Wembanyama 1 AST)
https://videos.nba.com/nba/pbp/media/2024/01/07/0022300497/211/60466e0c-df1a-2d31-fe57-e02c63b263b7_1280x720.mp4,Jones 3PT Jump Shot (9 PTS) (Wembanyama 2 AST)
https://videos.nba.com/nba/pbp/media/2024/01/07/0022300497/628/7af87ae0-a57c-a2bb-d4ce-967cfd08084a_1280x720.mp4,Johnson 24' 3PT Running Jump Shot (18 PTS) (Wembanyama 3 AST)
https://videos.nba.com/nba/pbp/media/2024/02/02/0022300696/40/0c77d825-e1df-e93d-2c65-7f358cc49c93_1280x720.mp4,Jones 1' Layup (2 PTS) (Wembanyama 1 AST)
https://videos.nba.com/nba/pbp/media/2024/02/02/0022300696/188/73082b91-0919-2742-401b-137bb8848f16_1280x720.mp4,Jones 2' Driving Layup (4 PTS) (Wembanyama 2 AST)
https://videos.nba.com/nba/pbp/media/2024/02/02/0022300696/242/c9aae3be-05cd-2af4-b78a-bd058e6629bb_1280x720.mp4,Champagnie 1' Reverse Layup (2 PTS) (Wembanyama 3 AST)
https://videos.nba.com/nba/pbp/media/2024/02/02/0022300696/364/e15e9178-f374-ebd0-616c-ef7da14723da_1280x720.mp4,Vassell 24' 3PT Step Back Jump Shot (15 PTS) (Wembanyama 4 AST)
https://videos.nba.com/nba/pbp/media/2024/02/02/0022300696/372/56d31c18-781d-e8b4-4b28-e6975702625f_1280x720.mp4,Sochan 2' Layup (9 PTS) (Wembanyama 5 AST)
https://videos.nba.com/nba/pbp/media/2024/02/02/0022300696/384/3dcc706d-0e11-cf72-687b-8da765ce9fcf_1280x720.mp4,Jones 1' Reverse Layup (12 PTS) (Wembanyama 6 AST)
https://videos.nba.com/nba/pbp/media/2024/02/02/0022300696/536/d9c030ac-b1b6-1ecb-9712-c05f67835616_1280x720.mp4,Branham 2' Cutting Layup Shot (7 PTS) (Wembanyama 7 AST)
https://videos.nba.com/nba/pbp/media/2023/12/17/0022300345/80/4c5c48a6-c960-629c-bd80-a0ebd519b7ce_1280x720.mp4,Vassell 26' 3PT Pullup Jump Shot (3 PTS) (Wembanyama 1 AST)
https://videos.nba.com/nba/pbp/media/2023/12/17/0022300345/214/3c20c96d-d6ee-da8e-22ee-8e5d1e2a3428_1280x720.mp4,McDermott 2' Driving Finger Roll Layup (4 PTS) (Wembanyama 2 AST)
https://videos.nba.com/nba/pbp/media/2023/12/17/0022300345/334/0e6106b1-09e2-cbea-c872-bb3e7d7e230b_1280x720.mp4,Osman 6' Driving Floating Jump Shot (10 PTS) (Wembanyama 3 AST)
https://videos.nba.com/nba/pbp/media/2023/12/17/0022300345/381/bf4d6412-2759-cd68-79d7-5a5d3d6a3d5f_1280x720.mp4,Vassell 3PT Jump Shot (9 PTS) (Wembanyama 4 AST)
https://videos.nba.com/nba/pbp/media/2023/12/21/0022300376/10/83530c5d-04ea-3e75-a198-4235c85c1c2d_1280x720.mp4,Branham 1' Running Dunk (2 PTS) (Wembanyama 1 AST)
https://videos.nba.com/nba/pbp/media/2023/12/21/0022300376/35/4c20379a-489e-fc8c-1177-55bc0be51489_1280x720.mp4,Johnson 1' Cutting Layup Shot (2 PTS) (Wembanyama 2 AST)
https://videos.nba.com/nba/pbp/media/2023/12/21/0022300376/45/d18e949f-ab13-407b-1db4-d162dc10c849_1280x720.mp4,Johnson 1' Driving Layup (5 PTS) (Wembanyama 3 AST)
https://videos.nba.com/nba/pbp/media/2023/12/21/0022300376/391/41284732-a43a-1c17-824a-688d990d247a_1280x720.mp4,Sochan 1' Running Dunk (7 PTS) (Wembanyama 4 AST)
https://videos.nba.com/nba/pbp/media/2023/12/21/0022300376/508/a8ecd872-65ca-c04c-f9e0-85e5186efe44_1280x720.mp4,Jones 25' 3PT Jump Shot (7 PTS) (Wembanyama 5 AST)
https://videos.nba.com/nba/pbp/media/2023/12/08/0022301223/48/ea25071a-e25f-eed4-25e0-38b248900504_1280x720.mp4,Sochan 1' Layup (4 PTS) (Wembanyama 1 AST)
https://videos.nba.com/nba/pbp/media/2023/12/08/0022301223/391/8b1302fb-2acc-081c-2e32-c116d3180d52_1280x720.mp4,Vassell 2' Driving Layup (10 PTS) (Wembanyama 2 AST)
https://videos.nba.com/nba/pbp/media/2023/12/08/0022301223/513/ed21b8de-322e-487d-bfb2-a5dcda7412c7_1280x720.mp4,Jones 2' Driving Layup (16 PTS) (Wembanyama 3 AST)
https://videos.nba.com/nba/pbp/media/2023/12/08/0022301223/555/a3e998fe-41aa-56a4-8e7b-9155b17e7e70_1280x720.mp4,Jones 2' Cutting Finger Roll Layup Shot (18 PTS) (Wembanyama 4 AST)
https://videos.nba.com/nba/pbp/media/2024/03/19/0022300994/199/435c2d1a-44b6-725e-df66-131b5560b54f_1280x720.mp4,Branham 5' Turnaround Bank Shot (6 PTS) (Wembanyama 1 AST)
https://videos.nba.com/nba/pbp/media/2024/03/19/0022300994/371/7cf1dab9-bcb6-d57b-2125-a7e4a6f4804a_1280x720.mp4,Jones 25' 3PT Jump Shot (13 PTS) (Wembanyama 2 AST)
https://videos.nba.com/nba/pbp/media/2024/03/19/0022300994/409/6e930f3e-2ce8-dd04-909c-4eea62d2dfa2_1280x720.mp4,Sochan 25' 3PT Jump Shot (11 PTS) (Wembanyama 3 AST)
https://videos.nba.com/nba/pbp/media/2024/02/14/0022300785/41/d12c1f93-ea46-94fc-96bf-97b923133737_1280x720.mp4,Vassell 14' Pullup Jump Shot (2 PTS) (Wembanyama 1 AST)
https://videos.nba.com/nba/pbp/media/2024/02/14/0022300785/88/57b8c639-1b9d-c2f0-ca2a-2548deb89530_1280x720.mp4,Champagnie 27' 3PT Jump Shot (3 PTS) (Wembanyama 2 AST)
https://videos.nba.com/nba/pbp/media/2024/02/14/0022300785/264/c0dc29c1-c01a-20e2-adc1-24eb98db5731_1280x720.mp4,Wesley 3' Turnaround Hook Shot (6 PTS) (Wembanyama 3 AST)
https://videos.nba.com/nba/pbp/media/2024/02/14/0022300785/378/cc2085ac-b8bd-686b-a9bf-32537d765962_1280x720.mp4,Jones 4' Floating Jump Shot (4 PTS) (Wembanyama 4 AST)
https://videos.nba.com/nba/pbp/media/2024/02/14/0022300785/510/1e51abc1-d694-fe3c-44c0-41d357360320_1280x720.mp4,Branham 27' 3PT Step Back Jump Shot (5 PTS) (Wembanyama 5 AST)
https://videos.nba.com/nba/pbp/media/2023/10/25/0022300073/18/42aa4a2c-88ee-f7eb-dc69-e4b3d28b02af_1280x720.mp4,Collins 10' Jump Shot (2 PTS) (Wembanyama 1 AST)
https://videos.nba.com/nba/pbp/media/2023/10/25/0022300073/364/47f3214c-3262-6509-f9eb-0f690e220d79_1280x720.mp4,Collins 1' Hook Shot (10 PTS) (Wembanyama 2 AST)
https://videos.nba.com/nba/pbp/media/2024/03/15/0022300965/60/babf73cb-b525-e279-da07-e3592df7113f_1280x720.mp4,Champagnie 26' 3PT Jump Shot (6 PTS) (Wembanyama 1 AST)
https://videos.nba.com/nba/pbp/media/2024/03/15/0022300965/301/d7e42cee-4507-6d5a-8c0a-f49d3aef75f9_1280x720.mp4,Vassell 3PT Jump Shot (5 PTS) (Wembanyama 2 AST)
https://videos.nba.com/nba/pbp/media/2023/11/26/0022300252/59/b9cbd8ee-146d-0c23-8ba6-c6d1ccb0d454_1280x720.mp4,Collins 1' Cutting Dunk Shot (4 PTS) (Wembanyama 1 AST)
https://videos.nba.com/nba/pbp/media/2023/11/26/0022300252/421/08450449-4b1e-61c0-443b-8e479a246284_1280x720.mp4,Collins 1' Dunk (9 PTS) (Wembanyama 2 AST)
https://videos.nba.com/nba/pbp/media/2024/03/11/0022300936/39/43899d2b-f7dc-2184-d611-dd290e16c1ed_1280x720.mp4,Champagnie 25' 3PT Jump Shot (3 PTS) (Wembanyama 1 AST)
https://videos.nba.com/nba/pbp/media/2024/03/11/0022300936/494/ebe41a91-4223-16d9-5f69-9e6806cc4e03_1280x720.mp4,Branham 1' Driving Finger Roll Layup (2 PTS) (Wembanyama 2 AST)
https://videos.nba.com/nba/pbp/media/2024/03/11/0022300936/549/5eb623f7-c9e2-fd5a-1ca5-e4eb9a2f08ef_1280x720.mp4,Johnson 25' 3PT Jump Shot (14 PTS) (Wembanyama 3 AST)
https://videos.nba.com/nba/pbp/media/2023/11/24/0022300051/63/57537703-2890-94c2-f51b-63953143b94c_1280x720.mp4,Sochan 7' Turnaround Hook Shot (2 PTS) (Wembanyama 1 AST)
https://videos.nba.com/nba/pbp/media/2023/11/24/0022300051/587/1e0acda9-146d-606f-2ff7-5383052bddfd_1280x720.mp4,McDermott 3' Driving Layup (7 PTS) (Wembanyama 2 AST)
https://videos.nba.com/nba/pbp/media/2023/11/24/0022300051/654/8aa0a304-ac14-7a51-904d-fb1fb059ca0d_1280x720.mp4,Vassell 28' 3PT Pullup Jump Shot (24 PTS) (Wembanyama 3 AST)
https://videos.nba.com/nba/pbp/media/2023/11/24/0022300051/686/30b562c9-a2fe-c9fa-22f0-0aaf3ff90510_1280x720.mp4,Osman 24' 3PT Jump Shot (11 PTS) (Wembanyama 4 AST)
https://videos.nba.com/nba/pbp/media/2024/03/12/0022300942/19/6de58d1b-bfbb-19e7-a610-20b50d4afcec_1280x720.mp4,Jones 24' 3PT Jump Shot (3 PTS) (Wembanyama 1 AST)
https://videos.nba.com/nba/pbp/media/2024/03/12/0022300942/26/46733093-7c72-a1b2-5662-8a77a0c8a82d_1280x720.mp4,Champagnie 3PT Jump Shot (3 PTS) (Wembanyama 2 AST)
https://videos.nba.com/nba/pbp/media/2024/03/12/0022300942/50/5ab7e02c-9cc8-a7a5-0a38-b332e1d8fe0e_1280x720.mp4,Jones 2' Cutting Finger Roll Layup Shot (9 PTS) (Wembanyama 3 AST)
https://videos.nba.com/nba/pbp/media/2024/03/12/0022300942/223/679c36d1-f63d-735f-dd03-221c711eba70_1280x720.mp4,Jones 26' 3PT Jump Shot (15 PTS) (Wembanyama 4 AST)
https://videos.nba.com/nba/pbp/media/2024/03/12/0022300942/327/1348d0f9-b9d1-e29e-0df1-30d657a5a682_1280x720.mp4,Jones 2' Driving Finger Roll Layup (20 PTS) (Wembanyama 5 AST)
https://videos.nba.com/nba/pbp/media/2024/03/12/0022300942/511/6ac3d857-d507-9906-eb56-01239b570151_1280x720.mp4,Wesley 5' Running Reverse Layup (10 PTS) (Wembanyama 6 AST)
https://videos.nba.com/nba/pbp/media/2024/03/05/0022300891/243/615b57db-63a0-9e2e-70f3-00ef38e232b8_1280x720.mp4,Vassell 2' Cutting Layup Shot (4 PTS) (Wembanyama 1 AST)
https://videos.nba.com/nba/pbp/media/2024/03/05/0022300891/580/f99eda31-81ac-24b0-40dd-c494495e6238_1280x720.mp4,Osman 2' Running Layup (6 PTS) (Wembanyama 2 AST)
https://videos.nba.com/nba/pbp/media/2024/03/05/0022300891/598/e9f09929-f834-bc51-daa4-ba549abf2be1_1280x720.mp4,Branham 3PT Jump Shot (20 PTS) (Wembanyama 3 AST)
https://videos.nba.com/nba/pbp/media/2023/12/11/0022300298/192/8ba3e65e-59bd-bf36-e00d-f09de024b7eb_1280x720.mp4,Osman 1' Cutting Layup Shot (7 PTS) (Wembanyama 1 AST)
https://videos.nba.com/nba/pbp/media/2023/12/11/0022300298/305/6c9fbe00-3dde-15e8-e0b7-102a5a20d1e7_1280x720.mp4,Johnson 3' Driving Layup (6 PTS) (Wembanyama 2 AST)
https://videos.nba.com/nba/pbp/media/2023/12/11/0022300298/368/ef70ebe5-6bbd-370e-9266-b4b58ce18698_1280x720.mp4,Vassell 16' Pullup Jump Shot (10 PTS) (Wembanyama 3 AST)
https://videos.nba.com/nba/pbp/media/2023/10/27/0022300083/327/01194d50-3b51-60bc-2699-e2b9ec5a4bb1_1280x720.mp4,Osman 27' 3PT Running Jump Shot (6 PTS) (Wembanyama 1 AST)
https://videos.nba.com/nba/pbp/media/2023/11/22/0022300235/193/7c251c44-596e-f98e-109b-23328fb3a4a2_1280x720.mp4,McDermott 26' 3PT Jump Shot (3 PTS) (Wembanyama 1 AST)
https://videos.nba.com/nba/pbp/media/2023/11/22/0022300235/371/c4ea2948-5f2d-008c-2773-7c713424963c_1280x720.mp4,Collins 3' Layup (9 PTS) (Wembanyama 2 AST)
https://videos.nba.com/nba/pbp/media/2023/11/22/0022300235/615/7c7bf89f-1464-79f3-e124-d64b3282cf5c_1280x720.mp4,Johnson 1' Cutting Dunk Shot (13 PTS) (Wembanyama 3 AST)
https://videos.nba.com/nba/pbp/media/2023/11/20/0022300223/36/2414d72a-9776-5f18-d898-2cf3f1801b11_1280x720.mp4,Collins 9' Floating Jump Shot (2 PTS) (Wembanyama 1 AST)
https://videos.nba.com/nba/pbp/media/2023/11/20/0022300223/347/c4f147c8-6679-897a-21b1-ed087eaa0cb7_1280x720.mp4,Champagnie 3' Running Finger Roll Layup (5 PTS) (Wembanyama 2 AST)
https://videos.nba.com/nba/pbp/media/2023/11/20/0022300223/362/01c1a389-1cca-22be-1657-0c1033a7685f_1280x720.mp4,Collins 16' Jump Bank Shot (9 PTS) (Wembanyama 3 AST)
https://videos.nba.com/nba/pbp/media/2023/11/20/0022300223/465/7c29d255-a50e-1014-ffdd-2e4d04d63a37_1280x720.mp4,Jones 10' Floating Jump Shot (9 PTS) (Wembanyama 4 AST)
https://videos.nba.com/nba/pbp/media/2023/10/29/0022300099/175/3ede7e17-aa97-5a2f-ac9d-d4a363804f20_1280x720.mp4,Bassey 1' Dunk (2 PTS) (Wembanyama 1 AST)
https://videos.nba.com/nba/pbp/media/2023/10/29/0022300099/532/b04183e0-bf76-e171-da32-f92f79ef0dc0_1280x720.mp4,McDermott 1' Cutting Dunk Shot (2 PTS) (Wembanyama 2 AST)
https://videos.nba.com/nba/pbp/media/2024/02/23/0022300813/167/dccc007b-772f-336d-d914-8d66964a4045_1280x720.mp4,Branham 8' Running Layup (2 PTS) (Wembanyama 1 AST)
https://videos.nba.com/nba/pbp/media/2024/02/23/0022300813/190/31bcbff7-4e70-ccfe-e90b-544f5afb0bad_1280x720.mp4,Branham 3' Cutting Layup Shot (4 PTS) (Wembanyama 2 AST)
https://videos.nba.com/nba/pbp/media/2024/02/23/0022300813/202/ae9c5f3f-f295-6566-1aa4-c0c489884db8_1280x720.mp4,Wesley 20' Jump Shot (2 PTS) (Wembanyama 3 AST)
https://videos.nba.com/nba/pbp/media/2024/02/23/0022300813/332/9be1b4a5-f9fd-8583-77ad-b596b2a8bf3b_1280x720.mp4,Sochan 3' Driving Layup (2 PTS) (Wembanyama 4 AST)
https://videos.nba.com/nba/pbp/media/2024/02/23/0022300813/363/acdcb2d7-d071-ae77-c43c-e75a23212356_1280x720.mp4,Sochan 2' Cutting Dunk Shot (7 PTS) (Wembanyama 5 AST)
https://videos.nba.com/nba/pbp/media/2024/02/23/0022300813/397/834463e3-469f-850b-1928-c5781603832e_1280x720.mp4,Sochan 1' Reverse Dunk (11 PTS) (Wembanyama 6 AST)
https://videos.nba.com/nba/pbp/media/2024/02/23/0022300813/401/399ee7b7-3880-b7b6-9516-db8c683cc7e9_1280x720.mp4,Jones 2' Reverse Layup (5 PTS) (Wembanyama 7 AST)
https://videos.nba.com/nba/pbp/media/2024/02/23/0022300813/430/c2f539c5-3b51-24e2-f2d8-a9a5ce8ca514_1280x720.mp4,Jones 3PT Running Jump Shot (8 PTS) (Wembanyama 8 AST)
https://videos.nba.com/nba/pbp/media/2023/12/15/0022300331/73/adc58a78-386a-4578-4306-c803e591b022_1280x720.mp4,Vassell 27' 3PT Running Jump Shot (8 PTS) (Wembanyama 1 AST)
https://videos.nba.com/nba/pbp/media/2023/12/15/0022300331/103/1f5024e8-8da9-68e5-fdf4-0ee513945aa3_1280x720.mp4,Vassell 1' Driving Finger Roll Layup (10 PTS) (Wembanyama 2 AST)
https://videos.nba.com/nba/pbp/media/2023/12/15/0022300331/370/e84d1907-4141-023c-3d4b-1c55a672a609_1280x720.mp4,Sochan 1' Running Reverse Layup (7 PTS) (Wembanyama 3 AST)
https://videos.nba.com/nba/pbp/media/2023/12/15/0022300331/494/9b76fedd-ccab-3ca5-7709-9aeed248f3c0_1280x720.mp4,Osman 25' 3PT Jump Shot (11 PTS) (Wembanyama 4 AST)
https://videos.nba.com/nba/pbp/media/2023/12/15/0022300331/564/243a1e6a-5019-fd6e-5602-a724f64357b3_1280x720.mp4,Vassell 8' Jump Shot (30 PTS) (Wembanyama 5 AST)
https://videos.nba.com/nba/pbp/media/2023/12/13/0022300316/11/538a3097-c7f8-c98d-998c-29759fa1df76_1280x720.mp4,Sochan 1' Cutting Dunk Shot (2 PTS) (Wembanyama 1 AST)
https://videos.nba.com/nba/pbp/media/2023/12/13/0022300316/305/2133da4a-3556-4be9-30fa-a0b972d5e775_1280x720.mp4,Johnson 25' 3PT Jump Shot (10 PTS) (Wembanyama 2 AST)
https://videos.nba.com/nba/pbp/media/2024/02/07/0022300730/50/aaa1ed31-5722-d213-14e0-9df559b3b1c6_1280x720.mp4,Vassell 13' Fadeaway Jumper (2 PTS) (Wembanyama 1 AST)
https://videos.nba.com/nba/pbp/media/2024/02/07/0022300730/264/0d95538e-ddb8-d5de-08ed-cfcb0334ea3c_1280x720.mp4,Sochan 3' Layup (4 PTS) (Wembanyama 2 AST)
https://videos.nba.com/nba/pbp/media/2024/02/07/0022300730/373/6cb98337-2786-79b8-f523-1f77539af5da_1280x720.mp4,Sochan 3' Cutting Dunk Shot (6 PTS) (Wembanyama 3 AST)
https://videos.nba.com/nba/pbp/media/2023/11/12/0022300184/37/ce801b4b-994e-5190-9e86-39ebe6e14ab1_1280x720.mp4,Johnson 4' Cutting Layup Shot (2 PTS) (Wembanyama 1 AST)
https://videos.nba.com/nba/pbp/media/2023/11/12/0022300184/270/0292edfc-b2c8-90bb-add4-a35211b6f942_1280x720.mp4,Sochan 17' Jump Shot (4 PTS) (Wembanyama 2 AST)
https://videos.nba.com/nba/pbp/media/2023/11/12/0022300184/367/f1178f1d-d181-6497-cfc1-a63416fe29c1_1280x720.mp4,Vassell 3PT Running Jump Shot (11 PTS) (Wembanyama 3 AST)
https://videos.nba.com/nba/pbp/media/2023/11/12/0022300184/379/a089966b-8f0d-e22d-6670-5cd23838f020_1280x720.mp4,Sochan 25' 3PT Jump Shot (7 PTS) (Wembanyama 4 AST)
https://videos.nba.com/nba/pbp/media/2023/11/12/0022300184/463/ea36a33c-1303-812a-2bda-a3968fcc9939_1280x720.mp4,Johnson 2' Cutting Layup Shot (14 PTS) (Wembanyama 5 AST)
https://videos.nba.com/nba/pbp/media/2023/11/12/0022300184/527/87cec1c3-4a23-863f-ce5b-a4eab0592abf_1280x720.mp4,Branham 26' 3PT Jump Shot (13 PTS) (Wembanyama 6 AST)
https://videos.nba.com/nba/pbp/media/2023/11/12/0022300184/611/50640827-9ec4-a026-4e6c-ba0eb0759a32_1280x720.mp4,Sochan 1' Driving Finger Roll Layup (16 PTS) (Wembanyama 7 AST)
https://videos.nba.com/nba/pbp/media/2024/01/04/0022300477/174/c30d6ca1-9e83-db0e-c32e-53de8c256435_1280x720.mp4,Osman 1' Driving Layup (8 PTS) (Wembanyama 1 AST)
https://videos.nba.com/nba/pbp/media/2024/02/27/0022300838/18/5535f084-5661-74ce-7f3c-4c4786e8c005_1280x720.mp4,Champagnie 1' Cutting Dunk Shot (2 PTS) (Wembanyama 1 AST)
https://videos.nba.com/nba/pbp/media/2024/02/27/0022300838/165/8e9b6d9c-7bdf-54f5-1fd3-1ac9927a1280_1280x720.mp4,Branham 2' Cutting Layup Shot (2 PTS) (Wembanyama 2 AST)
https://videos.nba.com/nba/pbp/media/2024/02/27/0022300838/289/aaf93c36-79a2-0497-2a56-a88a0aceb772_1280x720.mp4,Vassell 2' Driving Layup (8 PTS) (Wembanyama 3 AST)
https://videos.nba.com/nba/pbp/media/2024/02/27/0022300838/399/db978b85-b7ff-8e0c-d8fd-57035d8c5970_1280x720.mp4,Vassell 12' Pullup Jump Shot (12 PTS) (Wembanyama 4 AST)
https://videos.nba.com/nba/pbp/media/2024/02/27/0022300838/462/7f6321a4-d175-8032-b77f-fc15d6c0cd74_1280x720.mp4,Johnson 4' Finger Roll Layup (5 PTS) (Wembanyama 5 AST)
https://videos.nba.com/nba/pbp/media/2024/01/27/0022300649/7/8c505295-ffec-9f35-325a-9347b12438c6_1280x720.mp4,Vassell 17' Pullup Jump Shot (2 PTS) (Wembanyama 1 AST)
https://videos.nba.com/nba/pbp/media/2024/01/27/0022300649/228/5d31a99e-0bd6-a136-a99d-1d3a96222bc2_1280x720.mp4,Osman 2' Running Layup (2 PTS) (Wembanyama 2 AST)
https://videos.nba.com/nba/pbp/media/2024/01/27/0022300649/270/3ff371b8-8b7f-48ae-7fe0-e416987f5398_1280x720.mp4,Johnson 2' Driving Finger Roll Layup (2 PTS) (Wembanyama 3 AST)
https://videos.nba.com/nba/pbp/media/2024/01/27/0022300649/273/9636e43b-b216-8011-e9f4-4b72a22cbea0_1280x720.mp4,Vassell 13' Step Back Jump Shot (10 PTS) (Wembanyama 4 AST)
https://videos.nba.com/nba/pbp/media/2024/01/27/0022300649/336/cff62c50-14ba-1707-1619-a7165ee81b84_1280x720.mp4,Vassell 3PT Step Back Jump Shot (13 PTS) (Wembanyama 5 AST)
https://videos.nba.com/nba/pbp/media/2024/01/27/0022300649/476/5148b268-cf01-a345-f23b-3125a34833eb_1280x720.mp4,Jones 3' Cutting Finger Roll Layup Shot (12 PTS) (Wembanyama 6 AST)
https://videos.nba.com/nba/pbp/media/2023/12/06/0022301210/451/343f87fb-9811-09a6-aed7-dd9479dfc7c1_1280x720.mp4,Sochan 1' Driving Reverse Layup (4 PTS) (Wembanyama 1 AST)
https://videos.nba.com/nba/pbp/media/2023/11/10/0022300013/58/d2be5869-8e0f-1afa-9952-dfde160e21ea_1280x720.mp4,Collins 1' Dunk (7 PTS) (Wembanyama 1 AST)
https://videos.nba.com/nba/pbp/media/2023/11/10/0022300013/313/ff75f40d-fb76-da5b-6ccf-8d9d4e360ce1_1280x720.mp4,Johnson 2' Driving Finger Roll Layup (5 PTS) (Wembanyama 2 AST)
https://videos.nba.com/nba/pbp/media/2023/11/10/0022300013/378/50d74448-271f-a23e-8f28-db1d24f38d66_1280x720.mp4,Collins 1' Cutting Dunk Shot (9 PTS) (Wembanyama 3 AST)
https://videos.nba.com/nba/pbp/media/2023/11/10/0022300013/540/ecc73c91-c0e6-2a0c-c29e-00bf105ee845_1280x720.mp4,Collins 4' Hook Shot (11 PTS) (Wembanyama 4 AST)
https://videos.nba.com/nba/pbp/media/2024/03/17/0022300981/191/f61bf56b-1704-6199-f340-3986d3945b99_1280x720.mp4,Osman 2' Cutting Finger Roll Layup Shot (2 PTS) (Wembanyama 1 AST)
https://videos.nba.com/nba/pbp/media/2024/03/17/0022300981/252/74eb3718-2db7-5466-d462-02006123dc01_1280x720.mp4,Osman 28' 3PT Pullup Jump Shot (5 PTS) (Wembanyama 2 AST)
https://videos.nba.com/nba/pbp/media/2024/03/17/0022300981/371/f82c06aa-3dc1-29ba-6824-e398fde6ca3e_1280x720.mp4,Vassell 1' Running Layup (10 PTS) (Wembanyama 3 AST)
https://videos.nba.com/nba/pbp/media/2024/03/17/0022300981/399/8912e76f-3a2f-6940-b485-83678fd5dd7d_1280x720.mp4,Jones 1' Cutting Layup Shot (9 PTS) (Wembanyama 4 AST)
https://videos.nba.com/nba/pbp/media/2024/03/17/0022300981/527/49f6cf45-582a-b365-a4b7-0b1d279c03b6_1280x720.mp4,Osman 1' Driving Finger Roll Layup (7 PTS) (Wembanyama 5 AST)
https://videos.nba.com/nba/pbp/media/2024/03/17/0022300981/541/711fdc2f-c5d6-0db0-fbbb-ea76a2561c86_1280x720.mp4,Branham 3' Cutting Layup Shot (7 PTS) (Wembanyama 6 AST)
https://videos.nba.com/nba/pbp/media/2024/03/17/0022300981/610/c0ddcd53-6b52-e530-83bf-5d94347dbc1d_1280x720.mp4,Vassell 25' 3PT Jump Shot (21 PTS) (Wembanyama 7 AST)
https://videos.nba.com/nba/pbp/media/2024/02/10/0022300750/377/0218d9e9-b190-7c24-30f3-cbad98b6e2fe_1280x720.mp4,Vassell 1' Cutting Dunk Shot (12 PTS) (Wembanyama 1 AST)
https://videos.nba.com/nba/pbp/media/2024/02/10/0022300750/587/505bd613-9c2b-2616-4928-6e816647fd67_1280x720.mp4,Vassell 25' 3PT Jump Shot (15 PTS) (Wembanyama 2 AST)
https://videos.nba.com/nba/pbp/media/2024/02/10/0022300750/615/6a9a410e-768e-4d96-511a-51a6931b4ea9_1280x720.mp4,Sochan 3' Layup (4 PTS) (Wembanyama 3 AST)
https://videos.nba.com/nba/pbp/media/2023/11/08/0022300161/48/3edf21bd-16b3-bbc5-c7af-c9ce7f240fdb_1280x720.mp4,Sochan 1' Dunk (2 PTS) (Wembanyama 1 AST)
https://videos.nba.com/nba/pbp/media/2023/11/08/0022300161/167/7f8fa272-ecee-959e-9e90-eff33c39ae0a_1280x720.mp4,Sochan 3PT Jump Shot (5 PTS) (Wembanyama 2 AST)
https://videos.nba.com/nba/pbp/media/2024/02/08/0022300734/347/8430e00c-f5d8-06c5-0fea-62cab993e9ca_1280x720.mp4,Jones 4' Driving Layup (2 PTS) (Wembanyama 1 AST)
https://videos.nba.com/nba/pbp/media/2024/02/08/0022300734/360/23e08bbe-f2b4-12a5-2423-36e809b1afaa_1280x720.mp4,Vassell 17' Pullup Jump Shot (4 PTS) (Wembanyama 2 AST)
https://videos.nba.com/nba/pbp/media/2024/01/31/0022300681/67/98dacba1-01a7-14c4-02a5-2258ab53bf3a_1280x720.mp4,Vassell 11' Pullup Jump Shot (4 PTS) (Wembanyama 1 AST)
https://videos.nba.com/nba/pbp/media/2024/01/31/0022300681/177/47aa3324-15da-cc08-2f45-673b64f49d2b_1280x720.mp4,McDermott 3' Cutting Dunk Shot (2 PTS) (Wembanyama 2 AST)
https://videos.nba.com/nba/pbp/media/2024/01/31/0022300681/343/22b0f447-90e2-cdc5-a1ea-39e5ef716cdf_1280x720.mp4,Vassell 14' Driving Floating Jump Shot (14 PTS) (Wembanyama 3 AST)
https://videos.nba.com/nba/pbp/media/2024/03/03/0022300877/58/da17c7b6-72cd-82dd-f721-30d523ce794a_1280x720.mp4,Branham 2' Cutting Layup Shot (5 PTS) (Wembanyama 1 AST)
https://videos.nba.com/nba/pbp/media/2024/03/03/0022300877/364/094c8bce-824e-9d3e-003d-fa9e5386b3f4_1280x720.mp4,Vassell 6' Floating Jump Shot (12 PTS) (Wembanyama 2 AST)
https://videos.nba.com/nba/pbp/media/2024/03/03/0022300877/370/1eed1a87-b5a5-2b82-8ee0-0c3a692ef382_1280x720.mp4,Branham 1' Layup (11 PTS) (Wembanyama 3 AST)
https://videos.nba.com/nba/pbp/media/2024/03/03/0022300877/374/64a4fbab-e41a-ee42-1e2c-e72c52730b48_1280x720.mp4,Sochan 15' Jump Shot (6 PTS) (Wembanyama 4 AST)
https://videos.nba.com/nba/pbp/media/2024/03/03/0022300877/392/99a22118-801e-0963-7c0d-52561bb40200_1280x720.mp4,Branham 3PT Jump Shot (16 PTS) (Wembanyama 5 AST)
https://videos.nba.com/nba/pbp/media/2024/03/03/0022300877/606/028e073f-9303-4a7f-fcc6-3f37608f0920_1280x720.mp4,Sochan 3' Cutting Layup Shot (8 PTS) (Wembanyama 6 AST)
https://videos.nba.com/nba/pbp/media/2024/01/22/0022300608/277/2b23d778-0cc2-0702-1b28-7126dcde354a_1280x720.mp4,Wesley 2' Running Layup (2 PTS) (Wembanyama 1 AST)
https://videos.nba.com/nba/pbp/media/2024/01/22/0022300608/534/7a28b456-3a76-e6be-00e5-50094382eaf4_1280x720.mp4,Vassell 1' Driving Dunk (19 PTS) (Wembanyama 2 AST)
https://videos.nba.com/nba/pbp/media/2024/03/23/0022301025/196/bc87b794-20f0-0606-c50b-00c4c07d2621_1280x720.mp4,Wesley 3PT Jump Shot (5 PTS) (Wembanyama 1 AST)
https://videos.nba.com/nba/pbp/media/2024/03/23/0022301025/289/63e8d9c5-b3a2-20af-ff10-14af32d3d36a_1280x720.mp4,Jones 4' Cutting Layup Shot (4 PTS) (Wembanyama 2 AST)
https://videos.nba.com/nba/pbp/media/2024/03/23/0022301025/328/60e46f8a-27a5-f50e-ca89-44b1c6883d25_1280x720.mp4,Sochan 2' Running Layup (5 PTS) (Wembanyama 3 AST)
https://videos.nba.com/nba/pbp/media/2024/03/23/0022301025/335/0bd75778-fa9b-5e21-e246-f44c00c65d43_1280x720.mp4,Sochan 2' Running Finger Roll Layup (7 PTS) (Wembanyama 4 AST)
https://videos.nba.com/nba/pbp/media/2023/11/02/0022300131/170/01aa1fbb-0305-7ad2-2bb3-786d28ebd7a8_1280x720.mp4,Jones 25' 3PT Jump Shot (6 PTS) (Wembanyama 1 AST)
https://videos.nba.com/nba/pbp/media/2023/11/02/0022300131/210/310c1766-ae80-97a0-e62d-de78a55b69d6_1280x720.mp4,Sochan 3' Cutting Layup Shot (6 PTS) (Wembanyama 2 AST)
https://videos.nba.com/nba/pbp/media/2023/10/31/0022300113/563/e5899f48-9101-c8b9-eacf-7d9c712741bf_1280x720.mp4,Osman 5' Cutting Layup Shot (9 PTS) (Wembanyama 1 AST)
https://videos.nba.com/nba/pbp/media/2024/01/26/0022300641/187/c3b45d9e-6f86-975e-673e-44312827c58c_1280x720.mp4,Osman 1' Running Finger Roll Layup (2 PTS) (Wembanyama 1 AST)
https://videos.nba.com/nba/pbp/media/2024/01/26/0022300641/346/48977c6e-6517-2cbf-e431-ffd1f13bc6e4_1280x720.mp4,Johnson 2' Driving Layup (10 PTS) (Wembanyama 2 AST)
https://videos.nba.com/nba/pbp/media/2024/01/26/0022300641/398/89b90faa-a73b-691a-5f5f-794996394edc_1280x720.mp4,Sochan 11' Turnaround Fadeaway (13 PTS) (Wembanyama 3 AST)
https://videos.nba.com/nba/pbp/media/2024/01/26/0022300641/544/dbfd9003-fb75-8f1a-b675-2070e06b6bdf_1280x720.mp4,Jones 3' Running Reverse Layup (9 PTS) (Wembanyama 4 AST)
https://videos.nba.com/nba/pbp/media/2023/12/28/0022300427/24/d973473f-89b3-d69c-4b7c-18ccbb088e99_1280x720.mp4,Branham 26' 3PT Jump Shot (3 PTS) (Wembanyama 1 AST)
https://videos.nba.com/nba/pbp/media/2023/12/28/0022300427/40/a519c467-ca09-af28-7471-b19391021e79_1280x720.mp4,Sochan 10' Driving Floating Jump Shot (3 PTS) (Wembanyama 2 AST)
https://videos.nba.com/nba/pbp/media/2023/12/28/0022300427/59/56619325-2529-b078-2d77-c919aee75404_1280x720.mp4,Vassell 6' Driving Floating Jump Shot (2 PTS) (Wembanyama 3 AST)
,Sochan 3' Layup (14 PTS) (Wembanyama 4 AST)
https://videos.nba.com/nba/pbp/media/2023/12/28/0022300427/567/24089030-f49e-9cd3-3cc8-ff9e9e977d39_1280x720.mp4,McDermott 3' Driving Dunk (5 PTS) (Wembanyama 5 AST)
https://videos.nba.com/nba/pbp/media/2023/12/28/0022300427/702/1399f424-414e-fa66-b105-f4a6c8c2ac8b_1280x720.mp4,Jones 3' Reverse Layup (8 PTS) (Wembanyama 6 AST)
https://videos.nba.com/nba/pbp/media/2024/02/22/0022300803/32/91e2308c-4fd9-b14f-cf47-977641d9bcab_1280x720.mp4,Sochan 2' Cutting Dunk Shot (2 PTS) (Wembanyama 1 AST)
https://videos.nba.com/nba/pbp/media/2024/02/22/0022300803/318/9480181e-3f57-52a8-41ec-8ec634844206_1280x720.mp4,Champagnie 1' Driving Dunk (8 PTS) (Wembanyama 2 AST)
https://videos.nba.com/nba/pbp/media/2024/02/22/0022300803/370/479ab023-0ca2-44e4-1b10-6e0baa51b0f8_1280x720.mp4,Vassell 7' Driving Layup (20 PTS) (Wembanyama 3 AST)
https://videos.nba.com/nba/pbp/media/2024/02/22/0022300803/502/cee93dc7-db49-e2c6-429a-da844a6f93bf_1280x720.mp4,Branham 1' Running Reverse Layup (5 PTS) (Wembanyama 4 AST)
https://videos.nba.com/nba/pbp/media/2024/03/22/0022301015/41/b3ecf864-6b3f-4c39-72db-bdce59ff3771_1280x720.mp4,Sochan 1' Cutting Dunk Shot (2 PTS) (Wembanyama 1 AST)
https://videos.nba.com/nba/pbp/media/2024/03/22/0022301015/48/0245994c-adc8-8e44-f452-15758371aca4_1280x720.mp4,Vassell 13' Fadeaway Jumper (4 PTS) (Wembanyama 2 AST)
https://videos.nba.com/nba/pbp/media/2024/03/22/0022301015/85/11831418-71a9-8d46-36f5-962ac194e769_1280x720.mp4,Vassell 26' 3PT Step Back Jump Shot (9 PTS) (Wembanyama 3 AST)
https://videos.nba.com/nba/pbp/media/2024/03/22/0022301015/239/4f71ea17-39bc-4931-5104-7dfb56d418ba_1280x720.mp4,Branham 1' Running Finger Roll Layup (4 PTS) (Wembanyama 4 AST)
https://videos.nba.com/nba/pbp/media/2024/03/22/0022301015/387/7d18efd1-6efc-e9dd-7d0a-6eadee560aed_1280x720.mp4,Jones 2' Running Reverse Layup (2 PTS) (Wembanyama 5 AST)
https://videos.nba.com/nba/pbp/media/2024/02/29/0022300853/39/831aa603-0f38-5500-9e75-9afdc0a36b15_1280x720.mp4,Vassell 1' Driving Layup (4 PTS) (Wembanyama 1 AST)
https://videos.nba.com/nba/pbp/media/2024/02/29/0022300853/47/e3f53a5b-6cf0-4f8f-1fc4-be1b94d6f99e_1280x720.mp4,Vassell 25' 3PT Jump Shot (7 PTS) (Wembanyama 2 AST)
https://videos.nba.com/nba/pbp/media/2024/02/29/0022300853/188/6ec9e079-6b7a-f140-a99e-7cce28e52a40_1280x720.mp4,Osman 3PT Jump Shot (3 PTS) (Wembanyama 3 AST)
https://videos.nba.com/nba/pbp/media/2024/02/29/0022300853/331/3ffc3757-c38d-ef10-9974-783dd8544762_1280x720.mp4,Vassell 2' Pullup Jump Shot (13 PTS) (Wembanyama 4 AST)
https://videos.nba.com/nba/pbp/media/2024/02/29/0022300853/576/0d4387d4-e268-f325-2c35-3168cc5b3a2f_1280x720.mp4,Sochan Alley Oop Layup (17 PTS) (Wembanyama 5 AST)
https://videos.nba.com/nba/pbp/media/2024/02/29/0022300853/621/1b333794-f14c-52cb-2a8a-dfde8d64dc23_1280x720.mp4,Jones 24' 3PT Jump Shot (17 PTS) (Wembanyama 6 AST)
https://videos.nba.com/nba/pbp/media/2024/02/29/0022300853/630/5b7c0391-38ff-ce3f-7ce2-e2a4b8e27bfe_1280x720.mp4,Vassell 19' Pullup Jump Shot (23 PTS) (Wembanyama 7 AST)
https://videos.nba.com/nba/pbp/media/2024/02/25/0022300825/413/598acb92-8e0d-3c0a-e1fd-881c6b29c650_1280x720.mp4,Vassell 26' 3PT Jump Shot (15 PTS) (Wembanyama 1 AST)
https://videos.nba.com/nba/pbp/media/2024/02/25/0022300825/595/8cca50f9-737a-3c84-fff0-d560d132a2c4_1280x720.mp4,Vassell 16' Jump Shot (27 PTS) (Wembanyama 2 AST)
https://videos.nba.com/nba/pbp/media/2024/02/12/0022300764/61/73a707d6-1392-ea38-97c4-801958a5d91a_1280x720.mp4,Jones 1' Cutting Finger Roll Layup Shot (5 PTS) (Wembanyama 1 AST)
https://videos.nba.com/nba/pbp/media/2024/02/12/0022300764/73/0f30d596-3fd8-000d-470b-1af25d6d22dd_1280x720.mp4,Sochan 1' Cutting Dunk Shot (2 PTS) (Wembanyama 2 AST)
https://videos.nba.com/nba/pbp/media/2024/02/12/0022300764/176/a5b32d0c-4e39-8828-ea43-53e5407afdd0_1280x720.mp4,Wesley 1' Cutting Layup Shot (5 PTS) (Wembanyama 3 AST)
https://videos.nba.com/nba/pbp/media/2024/02/12/0022300764/208/926f5455-d173-3ef6-2992-ae8b0132915d_1280x720.mp4,Branham 1' Cutting Dunk Shot (4 PTS) (Wembanyama 4 AST)
https://videos.nba.com/nba/pbp/media/2024/02/12/0022300764/212/d89016ec-cc6d-ac65-d180-63fecfe59a5f_1280x720.mp4,Johnson Running Layup (6 PTS) (Wembanyama 5 AST)
https://videos.nba.com/nba/pbp/media/2024/01/29/0022300665/31/6eede3d9-2980-7085-4f23-ce1d1b4b7858_1280x720.mp4,Vassell 14' Pullup Jump Shot (2 PTS) (Wembanyama 1 AST)
https://videos.nba.com/nba/pbp/media/2024/01/29/0022300665/423/ae9fd3dc-3b77-e743-f028-c69d57fbe7f0_1280x720.mp4,Jones 2' Running Layup (9 PTS) (Wembanyama 2 AST)
https://videos.nba.com/nba/pbp/media/2024/01/29/0022300665/436/1dd38761-334c-270a-a5fb-59bfcb94c8b7_1280x720.mp4,Jones 2' Cutting Finger Roll Layup Shot (11 PTS) (Wembanyama 3 AST)
https://videos.nba.com/nba/pbp/media/2024/01/29/0022300665/677/02cfe6f2-6609-a0dc-f933-ef2c9b4a0d95_1280x720.mp4,Osman 2' Cutting Layup Shot (20 PTS) (Wembanyama 4 AST)
https://videos.nba.com/nba/pbp/media/2024/01/24/0022300622/215/688f9303-d72a-f443-d0d7-4b24768af76e_1280x720.mp4,Osman 3' Cutting Finger Roll Layup Shot (5 PTS) (Wembanyama 1 AST)
https://videos.nba.com/nba/pbp/media/2024/01/24/0022300622/360/5b46d38c-2d6f-07b5-107a-d7aad7a0945b_1280x720.mp4,Sochan 1' Cutting Layup Shot (2 PTS) (Wembanyama 2 AST)
https://videos.nba.com/nba/pbp/media/2024/01/24/0022300622/391/aa624edf-3202-b82f-3f35-439fe664ece0_1280x720.mp4,Wesley 8' Step Back Jump Shot (9 PTS) (Wembanyama 3 AST)
https://videos.nba.com/nba/pbp/media/2024/01/24/0022300622/404/483334d6-0774-12a6-355a-286358b8e6d0_1280x720.mp4,Vassell 25' 3PT Running Pull-Up Jump Shot (15 PTS) (Wembanyama 4 AST)
https://videos.nba.com/nba/pbp/media/2024/01/20/0022300594/36/c933e00c-bb03-f4d8-9386-7c55991e2f1e_1280x720.mp4,Champagnie 24' 3PT Jump Shot (3 PTS) (Wembanyama 1 AST)
https://videos.nba.com/nba/pbp/media/2024/01/20/0022300594/52/4f99b8c1-652c-da17-f3c6-b6b2b16037ac_1280x720.mp4,Sochan 1' Running Alley Oop Dunk Shot (2 PTS) (Wembanyama 2 AST)
https://videos.nba.com/nba/pbp/media/2024/01/20/0022300594/257/0f71d15e-a18a-ea53-b7c8-3366eddf0bbc_1280x720.mp4,Sochan 3' Alley Oop Dunk (8 PTS) (Wembanyama 3 AST)
https://videos.nba.com/nba/pbp/media/2024/01/20/0022300594/669/31261ea1-88b5-a3bb-05c5-7c9f09b12f70_1280x720.mp4,Jones 3' Cutting Finger Roll Layup Shot (9 PTS) (Wembanyama 4 AST)
https://videos.nba.com/nba/pbp/media/2024/01/12/0022300541/66/69625b3e-d98b-9abd-bd7f-41d40f6c07ae_1280x720.mp4,Vassell 3' Layup (2 PTS) (Wembanyama 1 AST)
https://videos.nba.com/nba/pbp/media/2024/01/10/0022300519/7/f2b32aae-b47c-68d8-aa52-b164e5b37722_1280x720.mp4,Jones 3' Driving Layup (2 PTS) (Wembanyama 1 AST)
https://videos.nba.com/nba/pbp/media/2024/01/10/0022300519/11/8b9fe7eb-990a-6fea-91ec-6f6fccabca3f_1280x720.mp4,Jones 2' Cutting Layup Shot (4 PTS) (Wembanyama 2 AST)
https://videos.nba.com/nba/pbp/media/2024/01/10/0022300519/51/f97e9b64-d0d2-bbcb-e918-b774bf3178c8_1280x720.mp4,Sochan 3' Running Dunk (2 PTS) (Wembanyama 3 AST)
https://videos.nba.com/nba/pbp/media/2024/01/10/0022300519/62/084003db-f1b3-e779-697f-f2cc4d541e36_1280x720.mp4,Sochan 4' Running Dunk (4 PTS) (Wembanyama 4 AST)
https://videos.nba.com/nba/pbp/media/2024/01/10/0022300519/356/ffeca824-0c35-b9c6-374e-f7871043e1a5_1280x720.mp4,Vassell 2' Driving Dunk (9 PTS) (Wembanyama 5 AST)
https://videos.nba.com/nba/pbp/media/2024/01/10/0022300519/369/b1dc1044-8b1b-f710-f087-d45f0d76489b_1280x720.mp4,Champagnie 3' Running Finger Roll Layup (2 PTS) (Wembanyama 6 AST)
https://videos.nba.com/nba/pbp/media/2024/01/10/0022300519/386/a55d5824-7670-59a8-cd5c-288b4418267b_1280x720.mp4,Sochan 2' Cutting Layup Shot (15 PTS) (Wembanyama 7 AST)
https://videos.nba.com/nba/pbp/media/2024/01/10/0022300519/537/2cf4e210-482f-b96d-49dd-169c5f4af498_1280x720.mp4,McDermott 26' 3PT Pullup Jump Shot (6 PTS) (Wembanyama 8 AST)
https://videos.nba.com/nba/pbp/media/2024/01/10/0022300519/561/08860467-0542-80f1-3188-e847f14e9201_1280x720.mp4,Osman 3' Cutting Layup Shot (8 PTS) (Wembanyama 9 AST)
https://videos.nba.com/nba/pbp/media/2024/01/10/0022300519/576/539d5bca-dd81-da82-7c8f-93bccfa2ce20_1280x720.mp4,McDermott 26' 3PT Jump Shot (9 PTS) (Wembanyama 10 AST)
https://videos.nba.com/nba/pbp/media/2024/01/02/0022300460/550/c3838a2b-875c-df28-05b8-268c8edee738_1280x720.mp4,Champagnie 3PT Jump Shot (9 PTS) (Wembanyama 1 AST)
https://videos.nba.com/nba/pbp/media/2023/12/26/0022300412/7/db0275bd-c9a7-5a4a-2e6a-34255df8e475_1280x720.mp4,Champagnie 25' 3PT Jump Shot (3 PTS) (Wembanyama 1 AST)
https://videos.nba.com/nba/pbp/media/2023/12/26/0022300412/56/46959992-3aa1-b0b7-a93f-891557896aed_1280x720.mp4,Vassell 26' 3PT Jump Shot (3 PTS) (Wembanyama 2 AST)
https://videos.nba.com/nba/pbp/media/2023/12/26/0022300412/374/1ca747e2-5be1-ea2f-4d2f-90848d4c215b_1280x720.mp4,Vassell 11' Pullup Jump Shot (10 PTS) (Wembanyama 3 AST)
https://videos.nba.com/nba/pbp/media/2023/12/26/0022300412/425/8aa58332-5583-d128-6845-e49414dbaa4e_1280x720.mp4,Vassell 1' Cutting Layup Shot (15 PTS) (Wembanyama 4 AST)
https://videos.nba.com/nba/pbp/media/2023/11/18/0022300206/9/1e9835ea-8820-c93a-2137-3ef256e10c02_1280x720.mp4,Champagnie 28' 3PT Jump Shot (3 PTS) (Wembanyama 1 AST)
https://videos.nba.com/nba/pbp/media/2023/11/18/0022300206/196/dc08d295-cdcb-4b09-c0e9-30ba11780136_1280x720.mp4,Mamukelashvili 2' Alley Oop Dunk (5 PTS) (Wembanyama 2 AST)
https://videos.nba.com/nba/pbp/media/2023/11/18/0022300206/236/9ea5d8f9-e897-ab5a-3998-99231f303330_1280x720.mp4,Branham 8' Driving Floating Bank Jump Shot (2 PTS) (Wembanyama 3 AST)
https://videos.nba.com/nba/pbp/media/2023/11/18/0022300206/440/5b42dd90-1353-cb58-2150-b154a1b64eaa_1280x720.mp4,Collins 5' Hook Shot (11 PTS) (Wembanyama 4 AST)
https://videos.nba.com/nba/pbp/media/2023/11/14/0022300021/24/158212b7-b063-b37a-ebd3-4a66c062409c_1280x720.mp4,Sochan 1' Cutting Layup Shot (2 PTS) (Wembanyama 1 AST)
https://videos.nba.com/nba/pbp/media/2023/11/14/0022300021/396/c460dfe7-65ae-c78d-e290-775f6cee51a9_1280x720.mp4,Sochan 23' Running Jump Shot (9 PTS) (Wembanyama 2 AST)
https://videos.nba.com/nba/pbp/media/2023/11/05/0022300141/343/0361eae7-3aec-e8a7-d474-a3e4b8e84589_1280x720.mp4,Branham 14' Jump Shot (6 PTS) (Wembanyama 1 AST)
https://videos.nba.com/nba/pbp/media/2023/11/05/0022300141/370/50932ca6-5e75-072c-6521-48d1c4d50657_1280x720.mp4,Collins 1' Cutting Layup Shot (11 PTS) (Wembanyama 2 AST)
https://videos.nba.com/nba/pbp/media/2023/11/05/0022300141/513/4249815c-e808-6613-22c3-652b496a131c_1280x720.mp4,Bassey 2' Alley Oop Layup (2 PTS) (Wembanyama 3 AST)
https://videos.nba.com/nba/pbp/media/2023/11/05/0022300141/650/37c5f5a4-0b94-fa2e-041e-cb9eacf0959e_1280x720.mp4,Johnson 3PT Jump Shot (24 PTS) (Wembanyama 4 AST)
https://videos.nba.com/nba/pbp/media/2024/03/27/0022301058/9/f8322564-4876-295d-98b6-6d1d67aae469_1280x720.mp4,Champagnie 25' 3PT Jump Shot (3 PTS) (Wembanyama 1 AST)
https://videos.nba.com/nba/pbp/media/2024/03/27/0022301058/50/b2b9006b-6173-a415-b2cd-b6fc222a6747_1280x720.mp4,Champagnie 3' Reverse Layup (7 PTS) (Wembanyama 2 AST)
https://videos.nba.com/nba/pbp/media/2024/03/27/0022301058/57/7441f266-663a-be44-13c9-45d304e32ced_1280x720.mp4,Vassell 16' Pullup Jump Shot (4 PTS) (Wembanyama 3 AST)
https://videos.nba.com/nba/pbp/media/2024/03/27/0022301058/339/ff1ebf69-8737-96c0-124e-a51fdbf54d25_1280x720.mp4,Sochan 3' Cutting Layup Shot (12 PTS) (Wembanyama 4 AST)
https://videos.nba.com/nba/pbp/media/2024/03/27/0022301058/391/43d065dc-13d3-a4ee-8813-bf51f4c334f8_1280x720.mp4,Champagnie 4' Running Dunk (12 PTS) (Wembanyama 5 AST)
https://videos.nba.com/nba/pbp/media/2024/03/27/0022301058/623/fca5c93a-e0c6-e626-7cbe-b52d8fb72984_1280x720.mp4,Vassell 13' Pullup Jump Shot (30 PTS) (Wembanyama 6 AST)
