https://videos.nba.com/nba/pbp/media/2024/01/15/0022300559/77/bd5cdbfb-79ef-2b49-2908-96ba93bf0379_1280x720.mp4,Wembanyama REBOUND (Off:0 Def:1)
https://videos.nba.com/nba/pbp/media/2024/01/15/0022300559/198/6ddb8dda-42fa-742c-1422-008a700eb188_1280x720.mp4,Wembanyama REBOUND (Off:0 Def:2)
https://videos.nba.com/nba/pbp/media/2024/01/15/0022300559/213/425fe0aa-32e4-5034-ddc3-ac949c54ff2c_1280x720.mp4,Wembanyama REBOUND (Off:1 Def:2)
https://videos.nba.com/nba/pbp/media/2024/01/15/0022300559/253/49f8eb21-8fed-c236-614e-c877a3da628d_1280x720.mp4,Wembanyama REBOUND (Off:1 Def:3)
https://videos.nba.com/nba/pbp/media/2024/01/15/0022300559/448/c897b701-c05f-65dd-6e93-5e9807960526_1280x720.mp4,Wembanyama REBOUND (Off:2 Def:3)
https://videos.nba.com/nba/pbp/media/2024/01/15/0022300559/492/cf0d2bb7-401b-ffb3-5cae-6f57740534d1_1280x720.mp4,Wembanyama REBOUND (Off:2 Def:4)
https://videos.nba.com/nba/pbp/media/2024/01/15/0022300559/507/af73c7f5-565a-ba36-12cc-3173b1062c10_1280x720.mp4,Wembanyama REBOUND (Off:2 Def:5)
https://videos.nba.com/nba/pbp/media/2024/01/15/0022300559/511/8ed08e78-330b-ef3d-025a-775e2a843175_1280x720.mp4,Wembanyama REBOUND (Off:2 Def:6)
https://videos.nba.com/nba/pbp/media/2024/01/15/0022300559/533/495b75a4-7099-62c4-248a-9e4e1d100e97_1280x720.mp4,Wembanyama REBOUND (Off:2 Def:7)
https://videos.nba.com/nba/pbp/media/2024/01/15/0022300559/554/081d91a0-1c50-d8a9-d0cd-995f90a7d521_1280x720.mp4,Wembanyama REBOUND (Off:2 Def:8)
https://videos.nba.com/nba/pbp/media/2024/01/15/0022300559/650/ae7969fe-ebce-f56c-ac1b-cb937970f596_1280x720.mp4,Wembanyama REBOUND (Off:2 Def:9)
https://videos.nba.com/nba/pbp/media/2024/01/15/0022300559/675/f8941b52-e469-5a8d-9ff5-1c994e533b1e_1280x720.mp4,Wembanyama REBOUND (Off:2 Def:10)
https://videos.nba.com/nba/pbp/media/2024/01/15/0022300559/678/1296ddcf-4d0d-c310-0aa9-08f4ba33c7ab_1280x720.mp4,Wembanyama REBOUND (Off:2 Def:11)
https://videos.nba.com/nba/pbp/media/2023/11/30/0022300272/16/2e977236-3b67-99a9-4c7f-77df024cdee2_1280x720.mp4,Wembanyama REBOUND (Off:0 Def:1)
https://videos.nba.com/nba/pbp/media/2023/11/30/0022300272/42/5be05f99-d637-5617-a3db-bc933aad1df0_1280x720.mp4,Wembanyama REBOUND (Off:0 Def:2)
https://videos.nba.com/nba/pbp/media/2023/11/30/0022300272/52/de8bfc00-8f94-1328-3a5b-6faa2e251f04_1280x720.mp4,Wembanyama REBOUND (Off:1 Def:2)
https://videos.nba.com/nba/pbp/media/2023/11/30/0022300272/99/2f5ab93a-bc6a-0609-3a9f-6d4a6fa011c6_1280x720.mp4,Wembanyama REBOUND (Off:1 Def:3)
https://videos.nba.com/nba/pbp/media/2023/11/30/0022300272/191/dc530922-5fc8-3468-4028-b099297324cf_1280x720.mp4,Wembanyama REBOUND (Off:1 Def:4)
https://videos.nba.com/nba/pbp/media/2023/11/30/0022300272/197/72b03594-6668-b3ce-233d-c878edf17199_1280x720.mp4,Wembanyama REBOUND (Off:1 Def:5)
https://videos.nba.com/nba/pbp/media/2023/11/30/0022300272/262/ea67f6a2-35a4-b891-9215-34d27e3fbe3b_1280x720.mp4,Wembanyama REBOUND (Off:2 Def:5)
https://videos.nba.com/nba/pbp/media/2023/11/30/0022300272/352/f1f1e849-e530-0ca8-c63b-3ec0e08ca49b_1280x720.mp4,Wembanyama REBOUND (Off:2 Def:6)
https://videos.nba.com/nba/pbp/media/2023/11/30/0022300272/356/5a39a449-300d-9107-9d5c-aeb0a7637d40_1280x720.mp4,Wembanyama REBOUND (Off:2 Def:7)
https://videos.nba.com/nba/pbp/media/2023/11/30/0022300272/622/e29d9026-3fa0-37ca-b5b3-24289f1032b0_1280x720.mp4,Wembanyama REBOUND (Off:2 Def:8)
https://videos.nba.com/nba/pbp/media/2023/11/30/0022300272/625/1af6ab7a-1edd-233a-e864-fbc7e662f28f_1280x720.mp4,Wembanyama REBOUND (Off:2 Def:9)
https://videos.nba.com/nba/pbp/media/2023/11/30/0022300272/693/85f690a1-0486-0b52-e036-82d5d11223e9_1280x720.mp4,Wembanyama REBOUND (Off:2 Def:10)
https://videos.nba.com/nba/pbp/media/2024/01/17/0022300571/51/615b815f-bf84-6308-e0f8-f1a38c150b79_1280x720.mp4,Wembanyama REBOUND (Off:0 Def:1)
https://videos.nba.com/nba/pbp/media/2024/01/17/0022300571/53/ad1dcf42-344a-171d-f953-f690f3f78216_1280x720.mp4,Wembanyama REBOUND (Off:1 Def:1)
https://videos.nba.com/nba/pbp/media/2024/01/17/0022300571/218/1a035421-ad2f-e2df-244a-753b32ee7987_1280x720.mp4,Wembanyama REBOUND (Off:1 Def:2)
https://videos.nba.com/nba/pbp/media/2024/01/17/0022300571/339/99ba5f39-5ab6-6316-ccdd-485e29b6b160_1280x720.mp4,Wembanyama REBOUND (Off:1 Def:3)
https://videos.nba.com/nba/pbp/media/2024/01/17/0022300571/460/31875274-c495-32b3-7f09-30eb36251d9e_1280x720.mp4,Wembanyama REBOUND (Off:2 Def:3)
https://videos.nba.com/nba/pbp/media/2023/12/31/0022300448/326/e62504c0-8309-93d5-90a3-126c2ddc823c_1280x720.mp4,Wembanyama REBOUND (Off:0 Def:1)
https://videos.nba.com/nba/pbp/media/2023/12/31/0022300448/334/d46861c1-f10b-141d-6aad-e0d4a0154543_1280x720.mp4,Wembanyama REBOUND (Off:0 Def:2)
https://videos.nba.com/nba/pbp/media/2023/12/31/0022300448/337/ad3a3c93-5ab3-26d6-8820-e669416bbc55_1280x720.mp4,Wembanyama REBOUND (Off:0 Def:3)
https://videos.nba.com/nba/pbp/media/2023/12/31/0022300448/355/b26887c6-70af-8e4f-1fe3-c78102d20d8a_1280x720.mp4,Wembanyama REBOUND (Off:1 Def:3)
https://videos.nba.com/nba/pbp/media/2023/12/31/0022300448/465/d8827c14-ae4e-781c-9f05-8e4f03275102_1280x720.mp4,Wembanyama REBOUND (Off:2 Def:3)
https://videos.nba.com/nba/pbp/media/2023/12/31/0022300448/472/b74c9c39-fcc6-9917-96e7-b3a73ccd5ebd_1280x720.mp4,Wembanyama REBOUND (Off:2 Def:4)
https://videos.nba.com/nba/pbp/media/2023/12/31/0022300448/567/a3dd014d-a4be-c70d-a489-f420c8a8cf90_1280x720.mp4,Wembanyama REBOUND (Off:2 Def:5)
https://videos.nba.com/nba/pbp/media/2024/02/03/0022300703/8/a0105971-5d23-bbd0-a8e1-a1d9cd9c6d78_1280x720.mp4,Wembanyama REBOUND (Off:1 Def:0)
https://videos.nba.com/nba/pbp/media/2024/02/03/0022300703/48/31c69525-6f14-d899-e27c-226bda57fc55_1280x720.mp4,Wembanyama REBOUND (Off:1 Def:1)
https://videos.nba.com/nba/pbp/media/2024/02/03/0022300703/147/56e445c2-46b7-da29-e6e0-34a1c04cbb59_1280x720.mp4,Wembanyama REBOUND (Off:1 Def:2)
https://videos.nba.com/nba/pbp/media/2024/02/03/0022300703/154/6edefe0d-d39d-770a-3f0d-ec895c7da69f_1280x720.mp4,Wembanyama REBOUND (Off:1 Def:3)
https://videos.nba.com/nba/pbp/media/2024/02/03/0022300703/176/ff10e6fd-8c2f-5803-d359-ae6960462352_1280x720.mp4,Wembanyama REBOUND (Off:2 Def:3)
https://videos.nba.com/nba/pbp/media/2024/02/03/0022300703/178/90539860-c563-74cd-c907-10a8ebb2a733_1280x720.mp4,Wembanyama REBOUND (Off:3 Def:3)
https://videos.nba.com/nba/pbp/media/2024/02/03/0022300703/202/8ce168b8-21b2-c32f-d827-3d0f8f270427_1280x720.mp4,Wembanyama REBOUND (Off:3 Def:4)
https://videos.nba.com/nba/pbp/media/2024/02/03/0022300703/231/1f8d152c-00b5-5e65-a32b-7bc18a6044eb_1280x720.mp4,Wembanyama REBOUND (Off:3 Def:5)
https://videos.nba.com/nba/pbp/media/2024/02/03/0022300703/398/baf64a67-e4b7-ac16-6c7d-3e0fa318ce13_1280x720.mp4,Wembanyama REBOUND (Off:3 Def:6)
https://videos.nba.com/nba/pbp/media/2024/02/03/0022300703/417/18253b1a-dd1c-1833-1e61-9407597b89ca_1280x720.mp4,Wembanyama REBOUND (Off:3 Def:7)
https://videos.nba.com/nba/pbp/media/2024/02/03/0022300703/438/933e5bf1-cf90-5bef-ff46-5ffb65054853_1280x720.mp4,Wembanyama REBOUND (Off:4 Def:7)
https://videos.nba.com/nba/pbp/media/2024/02/03/0022300703/549/f28a5ef8-98ad-7c7c-da6c-e2dd4030257b_1280x720.mp4,Wembanyama REBOUND (Off:4 Def:8)
https://videos.nba.com/nba/pbp/media/2024/02/03/0022300703/579/9b55508d-acea-19b5-c0f9-2b0dc5715e77_1280x720.mp4,Wembanyama REBOUND (Off:4 Def:9)
https://videos.nba.com/nba/pbp/media/2024/02/03/0022300703/594/72cf90fc-5df5-1974-6e13-55b8dfc20093_1280x720.mp4,Wembanyama REBOUND (Off:4 Def:10)
https://videos.nba.com/nba/pbp/media/2024/01/07/0022300497/10/cfb280d8-104e-c840-85aa-9a926046043b_1280x720.mp4,Wembanyama REBOUND (Off:0 Def:1)
https://videos.nba.com/nba/pbp/media/2024/01/07/0022300497/21/39cad384-69f3-da27-73c7-f564bb482d04_1280x720.mp4,Wembanyama REBOUND (Off:0 Def:2)
https://videos.nba.com/nba/pbp/media/2024/01/07/0022300497/46/01854f78-5fc3-ecba-7d43-f4e1cb19f5d8_1280x720.mp4,Wembanyama REBOUND (Off:0 Def:3)
https://videos.nba.com/nba/pbp/media/2024/01/07/0022300497/185/a8437489-a092-6134-0abf-fb58debaf0f1_1280x720.mp4,Wembanyama REBOUND (Off:0 Def:4)
https://videos.nba.com/nba/pbp/media/2024/01/07/0022300497/329/c3e244aa-e165-27ed-9678-163a57085fd2_1280x720.mp4,Wembanyama REBOUND (Off:0 Def:5)
https://videos.nba.com/nba/pbp/media/2024/01/07/0022300497/337/9b44a909-7c09-39c5-9abc-6d2d75a36b1b_1280x720.mp4,Wembanyama REBOUND (Off:0 Def:6)
https://videos.nba.com/nba/pbp/media/2024/01/07/0022300497/347/9737d98f-7868-5286-72ea-2420a60b4bd4_1280x720.mp4,Wembanyama REBOUND (Off:0 Def:7)
https://videos.nba.com/nba/pbp/media/2024/01/07/0022300497/620/a2ad152f-dbca-a562-c07e-26962e517274_1280x720.mp4,Wembanyama REBOUND (Off:0 Def:8)
https://videos.nba.com/nba/pbp/media/2024/01/07/0022300497/633/1a26f853-ebe2-e4cc-516c-bf8fd818613a_1280x720.mp4,Wembanyama REBOUND (Off:0 Def:9)
https://videos.nba.com/nba/pbp/media/2024/01/07/0022300497/655/06fc8c05-943f-aae4-fc1e-c413b6808f44_1280x720.mp4,Wembanyama REBOUND (Off:0 Def:10)
https://videos.nba.com/nba/pbp/media/2024/02/02/0022300696/8/121ed452-51fb-580c-7cf3-137c80de8fae_1280x720.mp4,Wembanyama REBOUND (Off:1 Def:0)
https://videos.nba.com/nba/pbp/media/2024/02/02/0022300696/187/b91735e0-d84b-98bc-a88e-dc13c9785fee_1280x720.mp4,Wembanyama REBOUND (Off:2 Def:0)
https://videos.nba.com/nba/pbp/media/2024/02/02/0022300696/208/d8abdcdd-4bb3-aa37-335d-1e810223998a_1280x720.mp4,Wembanyama REBOUND (Off:2 Def:1)
https://videos.nba.com/nba/pbp/media/2024/02/02/0022300696/212/9edd5dd9-3632-3fe4-98fa-e71c621621e4_1280x720.mp4,Wembanyama REBOUND (Off:2 Def:2)
https://videos.nba.com/nba/pbp/media/2024/02/02/0022300696/342/d814ac86-100c-d516-0d74-e2d86bd8a9cc_1280x720.mp4,Wembanyama REBOUND (Off:2 Def:3)
https://videos.nba.com/nba/pbp/media/2024/02/02/0022300696/398/b0f3068d-f174-3ce6-ab43-7587308e80d3_1280x720.mp4,Wembanyama REBOUND (Off:2 Def:4)
https://videos.nba.com/nba/pbp/media/2024/02/02/0022300696/492/9df273aa-cb4f-f34d-1615-214e19a2f703_1280x720.mp4,Wembanyama REBOUND (Off:2 Def:5)
https://videos.nba.com/nba/pbp/media/2024/02/02/0022300696/515/d70d313e-608b-f4bc-4a8a-fdc9d1fd512d_1280x720.mp4,Wembanyama REBOUND (Off:2 Def:6)
https://videos.nba.com/nba/pbp/media/2024/02/02/0022300696/539/66dc51a7-64b8-7adf-02e9-2f9ef1b06aff_1280x720.mp4,Wembanyama REBOUND (Off:2 Def:7)
https://videos.nba.com/nba/pbp/media/2024/02/02/0022300696/568/9ab0de34-bbe0-bf12-851b-f05ab64724e2_1280x720.mp4,Wembanyama REBOUND (Off:3 Def:7)
https://videos.nba.com/nba/pbp/media/2024/02/02/0022300696/583/8227844c-f8d9-1fd7-e92e-a4c617d498ce_1280x720.mp4,Wembanyama REBOUND (Off:4 Def:7)
https://videos.nba.com/nba/pbp/media/2024/02/02/0022300696/592/894dddeb-c2bd-8935-0057-67f9eb0e4cdd_1280x720.mp4,Wembanyama REBOUND (Off:4 Def:8)
https://videos.nba.com/nba/pbp/media/2024/02/02/0022300696/684/4d329562-eecb-d2a5-2b57-460414e710a0_1280x720.mp4,Wembanyama REBOUND (Off:4 Def:9)
https://videos.nba.com/nba/pbp/media/2024/02/02/0022300696/695/69f3ec12-7122-fb1c-7460-ca9e5ae5b130_1280x720.mp4,Wembanyama REBOUND (Off:5 Def:9)
https://videos.nba.com/nba/pbp/media/2023/12/17/0022300345/18/e5ef464e-cc78-bae7-ceda-c73a9a7e2ebe_1280x720.mp4,Wembanyama REBOUND (Off:0 Def:1)
https://videos.nba.com/nba/pbp/media/2023/12/17/0022300345/145/1986657f-1c29-ce82-2164-f1b0a2b362df_1280x720.mp4,Wembanyama REBOUND (Off:0 Def:2)
https://videos.nba.com/nba/pbp/media/2023/12/17/0022300345/159/7a80870c-08ab-d365-b743-055ed5fdee7e_1280x720.mp4,Wembanyama REBOUND (Off:0 Def:3)
https://videos.nba.com/nba/pbp/media/2023/12/17/0022300345/163/45aa5a74-69d4-6b98-6a86-86994697081c_1280x720.mp4,Wembanyama REBOUND (Off:0 Def:4)
https://videos.nba.com/nba/pbp/media/2023/12/17/0022300345/165/fb9bc6ae-6b3b-f461-3820-5b059f346209_1280x720.mp4,Wembanyama REBOUND (Off:1 Def:4)
https://videos.nba.com/nba/pbp/media/2023/12/17/0022300345/203/a8c0462b-678b-19c8-bca2-b876ca38c95a_1280x720.mp4,Wembanyama REBOUND (Off:1 Def:5)
https://videos.nba.com/nba/pbp/media/2023/12/17/0022300345/217/ac662f8d-42fa-a575-f080-905526d58736_1280x720.mp4,Wembanyama REBOUND (Off:1 Def:6)
https://videos.nba.com/nba/pbp/media/2023/12/17/0022300345/314/24071c8a-fa0d-cd1a-cec0-2f61d6e239dc_1280x720.mp4,Wembanyama REBOUND (Off:1 Def:7)
https://videos.nba.com/nba/pbp/media/2023/12/17/0022300345/321/e6f15b3e-a89d-b1ab-8df4-86db87de83b5_1280x720.mp4,Wembanyama REBOUND (Off:1 Def:8)
https://videos.nba.com/nba/pbp/media/2023/12/17/0022300345/377/30ae50a5-bfc8-843c-23d9-9354e9f74a91_1280x720.mp4,Wembanyama REBOUND (Off:1 Def:9)
https://videos.nba.com/nba/pbp/media/2023/12/17/0022300345/421/ab636019-d822-2fc6-9ce7-113592e2c561_1280x720.mp4,Wembanyama REBOUND (Off:1 Def:10)
https://videos.nba.com/nba/pbp/media/2023/12/17/0022300345/451/6f54499d-ab4d-a46f-57d0-5d1ecfe463c8_1280x720.mp4,Wembanyama REBOUND (Off:1 Def:11)
https://videos.nba.com/nba/pbp/media/2023/12/17/0022300345/578/3107ddc4-fdb4-2af4-94a2-3499c1366e50_1280x720.mp4,Wembanyama REBOUND (Off:1 Def:12)
https://videos.nba.com/nba/pbp/media/2023/12/21/0022300376/9/a9ea03a5-b9f4-23f3-0f36-12938f727796_1280x720.mp4,Wembanyama REBOUND (Off:0 Def:1)
https://videos.nba.com/nba/pbp/media/2023/12/21/0022300376/52/15bc8273-2b44-4890-07e6-f765cfe9a779_1280x720.mp4,Wembanyama REBOUND (Off:0 Def:2)
https://videos.nba.com/nba/pbp/media/2023/12/21/0022300376/234/a4d17908-4da7-bed2-f152-c7327e1e2f82_1280x720.mp4,Wembanyama REBOUND (Off:0 Def:3)
https://videos.nba.com/nba/pbp/media/2023/12/21/0022300376/390/5bef2261-46fd-3977-0bdb-c400f32ecfe0_1280x720.mp4,Wembanyama REBOUND (Off:0 Def:4)
https://videos.nba.com/nba/pbp/media/2023/12/21/0022300376/540/b5cd263e-51d9-4fc5-d1b3-9281fcf2a597_1280x720.mp4,Wembanyama REBOUND (Off:0 Def:5)
https://videos.nba.com/nba/pbp/media/2023/12/08/0022301223/14/c724d01c-72b6-8913-2188-eca20bb95ade_1280x720.mp4,Wembanyama REBOUND (Off:0 Def:1)
https://videos.nba.com/nba/pbp/media/2023/12/08/0022301223/21/f183b9c8-0ac0-5827-e742-dad0cf103caf_1280x720.mp4,Wembanyama REBOUND (Off:0 Def:2)
https://videos.nba.com/nba/pbp/media/2023/12/08/0022301223/28/fd87545e-5e4a-3be8-edb5-456fab7baba2_1280x720.mp4,Wembanyama REBOUND (Off:0 Def:3)
https://videos.nba.com/nba/pbp/media/2023/12/08/0022301223/39/8b5ef0f1-1907-47e9-9d3f-55e8289d75e5_1280x720.mp4,Wembanyama REBOUND (Off:0 Def:4)
https://videos.nba.com/nba/pbp/media/2023/12/08/0022301223/43/0d13bed7-eb0f-391b-a638-6835780d0a74_1280x720.mp4,Wembanyama REBOUND (Off:0 Def:5)
https://videos.nba.com/nba/pbp/media/2023/12/08/0022301223/59/196c2548-caaa-a1ab-3634-9706eb1f50ff_1280x720.mp4,Wembanyama REBOUND (Off:0 Def:6)
https://videos.nba.com/nba/pbp/media/2023/12/08/0022301223/72/cef2e018-994c-ee95-ec32-93029cea8c66_1280x720.mp4,Wembanyama REBOUND (Off:0 Def:7)
https://videos.nba.com/nba/pbp/media/2023/12/08/0022301223/183/d31148de-ff78-45be-537f-293eb7e65d67_1280x720.mp4,Wembanyama REBOUND (Off:0 Def:8)
https://videos.nba.com/nba/pbp/media/2023/12/08/0022301223/203/5e0f6714-d072-f6ba-0ab5-76d755a243fa_1280x720.mp4,Wembanyama REBOUND (Off:1 Def:8)
https://videos.nba.com/nba/pbp/media/2023/12/08/0022301223/258/a18ad629-5039-1d8f-6d71-e1e9997358ae_1280x720.mp4,Wembanyama REBOUND (Off:2 Def:9)
,Wembanyama REBOUND (Off:2 Def:9)
https://videos.nba.com/nba/pbp/media/2023/12/08/0022301223/390/32a71d63-27e1-6057-b46f-7346df9b02e2_1280x720.mp4,Wembanyama REBOUND (Off:2 Def:10)
https://videos.nba.com/nba/pbp/media/2023/12/08/0022301223/434/372a38e8-ae9c-7920-4011-c9f3ae338e8d_1280x720.mp4,Wembanyama REBOUND (Off:3 Def:10)
https://videos.nba.com/nba/pbp/media/2023/12/08/0022301223/438/cccdbb5d-7909-c6f1-fba9-dcc72f621b94_1280x720.mp4,Wembanyama REBOUND (Off:3 Def:11)
https://videos.nba.com/nba/pbp/media/2023/12/08/0022301223/512/7e379fec-076f-9eca-6cf7-847bf84d72ba_1280x720.mp4,Wembanyama REBOUND (Off:3 Def:12)
https://videos.nba.com/nba/pbp/media/2023/12/08/0022301223/534/129e6f80-f4de-c7ee-6f40-46a08ff33c0f_1280x720.mp4,Wembanyama REBOUND (Off:3 Def:13)
https://videos.nba.com/nba/pbp/media/2023/12/08/0022301223/536/b17d1fd0-b245-44b7-2dd6-97dc50c182ca_1280x720.mp4,Wembanyama REBOUND (Off:4 Def:13)
https://videos.nba.com/nba/pbp/media/2023/12/08/0022301223/592/ba605f99-0bd3-ee6c-a66b-4d62a18f86a0_1280x720.mp4,Wembanyama REBOUND (Off:6 Def:13)
https://videos.nba.com/nba/pbp/media/2023/12/08/0022301223/605/f9f95760-f905-4db0-8add-8bb29e3965a9_1280x720.mp4,Wembanyama REBOUND (Off:6 Def:13)
https://videos.nba.com/nba/pbp/media/2023/12/08/0022301223/671/80424364-9dc9-1df2-bc9c-bef05d84a7a1_1280x720.mp4,Wembanyama REBOUND (Off:7 Def:13)
https://videos.nba.com/nba/pbp/media/2024/03/19/0022300994/202/3a11e993-860e-f992-c41a-f2bdcbfab024_1280x720.mp4,Wembanyama REBOUND (Off:0 Def:1)
https://videos.nba.com/nba/pbp/media/2024/03/19/0022300994/250/6a487ac3-6ea8-a0ba-cdbe-412d4960c6b1_1280x720.mp4,Wembanyama REBOUND (Off:0 Def:2)
https://videos.nba.com/nba/pbp/media/2024/03/19/0022300994/275/fa287813-12f3-3746-23aa-b1009fca4430_1280x720.mp4,Wembanyama REBOUND (Off:1 Def:2)
https://videos.nba.com/nba/pbp/media/2024/03/19/0022300994/347/c0870dcb-54c5-f7c0-4889-3317308d513b_1280x720.mp4,Wembanyama REBOUND (Off:1 Def:3)
https://videos.nba.com/nba/pbp/media/2024/03/19/0022300994/365/9623505e-4066-079a-bcc0-8f6a79837aec_1280x720.mp4,Wembanyama REBOUND (Off:1 Def:4)
https://videos.nba.com/nba/pbp/media/2024/03/19/0022300994/370/38a146bb-80e1-1592-2e65-4fae0c916f87_1280x720.mp4,Wembanyama REBOUND (Off:2 Def:4)
https://videos.nba.com/nba/pbp/media/2024/03/19/0022300994/403/7f8802d3-267b-9082-d963-0ba64b101bed_1280x720.mp4,Wembanyama REBOUND (Off:3 Def:4)
https://videos.nba.com/nba/pbp/media/2024/03/19/0022300994/423/c1246f4a-03b9-778e-bcdf-b439f723b198_1280x720.mp4,Wembanyama REBOUND (Off:3 Def:5)
https://videos.nba.com/nba/pbp/media/2024/03/19/0022300994/432/88f008f5-e337-3c84-337e-a49a60752a42_1280x720.mp4,Wembanyama REBOUND (Off:3 Def:6)
https://videos.nba.com/nba/pbp/media/2024/03/19/0022300994/440/d01b2ac0-3958-75f8-3e7f-1322fe48bd3f_1280x720.mp4,Wembanyama REBOUND (Off:3 Def:7)
https://videos.nba.com/nba/pbp/media/2024/03/19/0022300994/655/8fe6c5be-87f0-3e81-b137-338110a25939_1280x720.mp4,Wembanyama REBOUND (Off:3 Def:8)
https://videos.nba.com/nba/pbp/media/2024/02/14/0022300785/18/8630fa5e-f487-9c39-a33e-8192fb5c2cb8_1280x720.mp4,Wembanyama REBOUND (Off:0 Def:1)
https://videos.nba.com/nba/pbp/media/2024/02/14/0022300785/25/fdd26ae7-e41c-8280-b2d4-43c1c3016c3d_1280x720.mp4,Wembanyama REBOUND (Off:1 Def:1)
https://videos.nba.com/nba/pbp/media/2024/02/14/0022300785/238/5cd70a1d-2904-c448-d1b8-54f2cc07002c_1280x720.mp4,Wembanyama REBOUND (Off:1 Def:2)
https://videos.nba.com/nba/pbp/media/2024/02/14/0022300785/357/aeed89c4-5cb3-15a3-1e1a-b3e6ca12b3a2_1280x720.mp4,Wembanyama REBOUND (Off:2 Def:2)
https://videos.nba.com/nba/pbp/media/2024/02/14/0022300785/390/cab9ea27-4070-502c-581a-de2460cddba3_1280x720.mp4,Wembanyama REBOUND (Off:2 Def:3)
https://videos.nba.com/nba/pbp/media/2024/02/14/0022300785/405/1242d7a4-d21e-9d04-0e72-d8d14618f640_1280x720.mp4,Wembanyama REBOUND (Off:2 Def:4)
https://videos.nba.com/nba/pbp/media/2024/02/14/0022300785/529/c5f119e6-1b91-2e32-9019-04d05e6cd47f_1280x720.mp4,Wembanyama REBOUND (Off:2 Def:5)
https://videos.nba.com/nba/pbp/media/2024/02/14/0022300785/557/4cba6de4-3ccd-e160-36a0-92e1cb465320_1280x720.mp4,Wembanyama REBOUND (Off:3 Def:5)
https://videos.nba.com/nba/pbp/media/2024/02/14/0022300785/561/83987209-2de8-b939-8439-d34f2eb44133_1280x720.mp4,Wembanyama REBOUND (Off:3 Def:6)
https://videos.nba.com/nba/pbp/media/2023/10/25/0022300073/17/a3d74720-0710-9dcf-e176-1d442f2769e1_1280x720.mp4,Wembanyama REBOUND (Off:0 Def:1)
https://videos.nba.com/nba/pbp/media/2023/10/25/0022300073/21/341ae6af-07a9-11d1-3802-098e4d008b1a_1280x720.mp4,Wembanyama REBOUND (Off:0 Def:2)
https://videos.nba.com/nba/pbp/media/2023/10/25/0022300073/279/f5a56c9f-a627-08a6-f50b-a800d20b2da3_1280x720.mp4,Wembanyama REBOUND (Off:0 Def:3)
https://videos.nba.com/nba/pbp/media/2023/10/25/0022300073/383/71dcb58f-aee5-95f4-1c11-ede8a3ed097c_1280x720.mp4,Wembanyama REBOUND (Off:0 Def:4)
https://videos.nba.com/nba/pbp/media/2023/10/25/0022300073/615/af3ad52b-dbb7-c9a8-77ce-489d8731fbfb_1280x720.mp4,Wembanyama REBOUND (Off:0 Def:5)
https://videos.nba.com/nba/pbp/media/2024/03/15/0022300965/9/c2aa77bd-fdf1-1841-f073-6ca83b2c2e4e_1280x720.mp4,Wembanyama REBOUND (Off:0 Def:1)
https://videos.nba.com/nba/pbp/media/2024/03/15/0022300965/45/81cabf77-7f2d-13b6-a51a-4571bbfe7ece_1280x720.mp4,Wembanyama REBOUND (Off:0 Def:2)
https://videos.nba.com/nba/pbp/media/2024/03/15/0022300965/57/dc6793ee-199a-e209-d67d-83a17116825e_1280x720.mp4,Wembanyama REBOUND (Off:0 Def:3)
https://videos.nba.com/nba/pbp/media/2024/03/15/0022300965/59/c7f2e3c5-abab-81b6-7a51-6a8f82a7341a_1280x720.mp4,Wembanyama REBOUND (Off:1 Def:3)
https://videos.nba.com/nba/pbp/media/2024/03/15/0022300965/81/92259b40-da73-a703-7059-59f099f0d77a_1280x720.mp4,Wembanyama REBOUND (Off:2 Def:3)
https://videos.nba.com/nba/pbp/media/2024/03/15/0022300965/304/a83ac290-0927-144a-d143-f5a67fb50bd1_1280x720.mp4,Wembanyama REBOUND (Off:2 Def:4)
https://videos.nba.com/nba/pbp/media/2024/03/15/0022300965/376/58726d0f-ae14-4048-85e4-7fb7aef4dc44_1280x720.mp4,Wembanyama REBOUND (Off:3 Def:4)
https://videos.nba.com/nba/pbp/media/2024/03/15/0022300965/587/d67f6bd4-d668-8172-229e-b716382446c0_1280x720.mp4,Wembanyama REBOUND (Off:3 Def:5)
https://videos.nba.com/nba/pbp/media/2024/03/15/0022300965/635/1f8df725-623d-89f9-1fb5-c1f9a1295d51_1280x720.mp4,Wembanyama REBOUND (Off:4 Def:5)
https://videos.nba.com/nba/pbp/media/2023/11/26/0022300252/19/596499d6-abbf-5705-9200-4c2b14f31276_1280x720.mp4,Wembanyama REBOUND (Off:0 Def:1)
https://videos.nba.com/nba/pbp/media/2023/11/26/0022300252/154/6e9caa99-1ad3-5378-36a3-d6a0f8e493da_1280x720.mp4,Wembanyama REBOUND (Off:0 Def:2)
https://videos.nba.com/nba/pbp/media/2023/11/26/0022300252/158/8c6bff51-576a-de75-b5b3-21946c466e25_1280x720.mp4,Wembanyama REBOUND (Off:0 Def:3)
https://videos.nba.com/nba/pbp/media/2023/11/26/0022300252/172/7da9657a-49cd-14f6-0fc3-4560503ec818_1280x720.mp4,Wembanyama REBOUND (Off:1 Def:3)
https://videos.nba.com/nba/pbp/media/2023/11/26/0022300252/174/085e2b92-d802-5b24-9ad4-d1aa487e4bc7_1280x720.mp4,Wembanyama REBOUND (Off:2 Def:3)
https://videos.nba.com/nba/pbp/media/2023/11/26/0022300252/177/d3e9a40f-3c6e-c7e9-fcba-787ee979a70a_1280x720.mp4,Wembanyama REBOUND (Off:2 Def:4)
https://videos.nba.com/nba/pbp/media/2023/11/26/0022300252/211/41bd2117-3797-7e7c-641f-83266182f627_1280x720.mp4,Wembanyama REBOUND (Off:3 Def:4)
https://videos.nba.com/nba/pbp/media/2023/11/26/0022300252/370/2a0ee8d7-f80b-f02e-bcc7-4d7c7a5732de_1280x720.mp4,Wembanyama REBOUND (Off:3 Def:5)
https://videos.nba.com/nba/pbp/media/2023/11/26/0022300252/372/ff8aaa94-e3ed-58dd-773f-62395f328219_1280x720.mp4,Wembanyama REBOUND (Off:4 Def:5)
https://videos.nba.com/nba/pbp/media/2023/11/26/0022300252/513/79157d0e-6f7f-4b2d-6f5d-a1d40f0dae11_1280x720.mp4,Wembanyama REBOUND (Off:4 Def:6)
https://videos.nba.com/nba/pbp/media/2023/11/26/0022300252/555/f4699af6-9375-dcf1-1c2e-0265aab8e686_1280x720.mp4,Wembanyama REBOUND (Off:4 Def:7)
https://videos.nba.com/nba/pbp/media/2024/03/11/0022300936/17/558e2382-4f74-5cf5-2854-105f56792eed_1280x720.mp4,Wembanyama REBOUND (Off:0 Def:1)
https://videos.nba.com/nba/pbp/media/2024/03/11/0022300936/21/b05b87c8-a429-0be1-11eb-cadd2380d6c1_1280x720.mp4,Wembanyama REBOUND (Off:0 Def:2)
https://videos.nba.com/nba/pbp/media/2024/03/11/0022300936/25/66eb6b41-7c7e-1682-5a96-a1f56e8be11c_1280x720.mp4,Wembanyama REBOUND (Off:0 Def:3)
https://videos.nba.com/nba/pbp/media/2024/03/11/0022300936/127/cbce1947-5ab2-fe5d-2292-6e5cf3e6c7e1_1280x720.mp4,Wembanyama REBOUND (Off:0 Def:4)
https://videos.nba.com/nba/pbp/media/2024/03/11/0022300936/131/3d9c3fe8-18be-b73f-212c-0bb2ee494403_1280x720.mp4,Wembanyama REBOUND (Off:0 Def:5)
https://videos.nba.com/nba/pbp/media/2024/03/11/0022300936/135/9dec6df5-2250-ee56-f93d-f2cb88e17d84_1280x720.mp4,Wembanyama REBOUND (Off:0 Def:6)
https://videos.nba.com/nba/pbp/media/2024/03/11/0022300936/148/567489c9-5898-d9dd-2df0-9e1aff390185_1280x720.mp4,Wembanyama REBOUND (Off:1 Def:6)
https://videos.nba.com/nba/pbp/media/2024/03/11/0022300936/294/56ca3568-c752-5c6d-c918-f311d1342ca8_1280x720.mp4,Wembanyama REBOUND (Off:1 Def:7)
https://videos.nba.com/nba/pbp/media/2024/03/11/0022300936/342/f89a3e2b-af22-dd35-f2c7-fb257f2750a5_1280x720.mp4,Wembanyama REBOUND (Off:1 Def:8)
https://videos.nba.com/nba/pbp/media/2024/03/11/0022300936/487/2afddb1c-0317-b9f4-6405-ce149b8fed4d_1280x720.mp4,Wembanyama REBOUND (Off:1 Def:9)
https://videos.nba.com/nba/pbp/media/2024/03/11/0022300936/521/a13e5018-5d54-e1d9-910e-96ff9b42ca5e_1280x720.mp4,Wembanyama REBOUND (Off:1 Def:10)
https://videos.nba.com/nba/pbp/media/2024/03/11/0022300936/527/30c03bf8-1451-2d7d-d464-72def98c6e22_1280x720.mp4,Wembanyama REBOUND (Off:2 Def:10)
https://videos.nba.com/nba/pbp/media/2024/03/11/0022300936/656/cd730a8b-a331-f786-2a2e-a7e435e03f71_1280x720.mp4,Wembanyama REBOUND (Off:2 Def:11)
https://videos.nba.com/nba/pbp/media/2024/03/11/0022300936/660/ac4e168c-a6fc-6163-c955-93462231e2fd_1280x720.mp4,Wembanyama REBOUND (Off:2 Def:12)
https://videos.nba.com/nba/pbp/media/2023/11/24/0022300051/25/7d7e6a88-067f-67fc-167b-8559ea8ec077_1280x720.mp4,Wembanyama REBOUND (Off:0 Def:1)
https://videos.nba.com/nba/pbp/media/2023/11/24/0022300051/43/6444ffad-26f7-bd37-c0a6-5a87d09d10fa_1280x720.mp4,Wembanyama REBOUND (Off:0 Def:2)
https://videos.nba.com/nba/pbp/media/2023/11/24/0022300051/205/f52cc03e-48e4-9459-9b81-7da663a8c18d_1280x720.mp4,Wembanyama REBOUND (Off:0 Def:3)
https://videos.nba.com/nba/pbp/media/2023/11/24/0022300051/308/cdd4dc0d-9d95-50b7-cd5c-e62d028a7f15_1280x720.mp4,Wembanyama REBOUND (Off:0 Def:4)
https://videos.nba.com/nba/pbp/media/2023/11/24/0022300051/312/0e9bafec-88e8-0672-65cc-a0354e049d49_1280x720.mp4,Wembanyama REBOUND (Off:0 Def:5)
https://videos.nba.com/nba/pbp/media/2023/11/24/0022300051/405/24be4b5c-6471-6b2e-3fbc-bbc68b1beb40_1280x720.mp4,Wembanyama REBOUND (Off:0 Def:6)
https://videos.nba.com/nba/pbp/media/2023/11/24/0022300051/527/4eb2fad0-c369-f18f-ff36-d9fb9b2a8cb3_1280x720.mp4,Wembanyama REBOUND (Off:1 Def:6)
https://videos.nba.com/nba/pbp/media/2023/11/24/0022300051/531/8a50d88c-d108-243d-46e7-79ded8a6397b_1280x720.mp4,Wembanyama REBOUND (Off:1 Def:7)
https://videos.nba.com/nba/pbp/media/2023/11/24/0022300051/662/c66cc35c-da93-fca1-c020-12a066497ece_1280x720.mp4,Wembanyama REBOUND (Off:2 Def:7)
https://videos.nba.com/nba/pbp/media/2024/03/12/0022300942/10/65e45be7-e79c-b9d5-52dc-59f4e4d60f93_1280x720.mp4,Wembanyama REBOUND (Off:0 Def:1)
https://videos.nba.com/nba/pbp/media/2024/03/12/0022300942/29/46f50973-c2f5-05da-9c46-62dea7c0fe25_1280x720.mp4,Wembanyama REBOUND (Off:0 Def:2)
https://videos.nba.com/nba/pbp/media/2024/03/12/0022300942/49/711bf177-4a1e-d197-07c8-73c15a4bbcda_1280x720.mp4,Wembanyama REBOUND (Off:0 Def:3)
https://videos.nba.com/nba/pbp/media/2024/03/12/0022300942/152/1a7c0c9a-c49b-4ac1-b21e-1679d4ef5825_1280x720.mp4,Wembanyama REBOUND (Off:0 Def:4)
https://videos.nba.com/nba/pbp/media/2024/03/12/0022300942/164/340b76e8-bc88-c70c-6263-482981560149_1280x720.mp4,Wembanyama REBOUND (Off:0 Def:5)
https://videos.nba.com/nba/pbp/media/2024/03/12/0022300942/209/31f7f059-f187-5355-be50-c055d28f7c97_1280x720.mp4,Wembanyama REBOUND (Off:0 Def:6)
https://videos.nba.com/nba/pbp/media/2024/03/12/0022300942/451/62d5b0df-1cf5-6185-a34e-81d6719fb42d_1280x720.mp4,Wembanyama REBOUND (Off:1 Def:6)
https://videos.nba.com/nba/pbp/media/2024/03/12/0022300942/485/c235f03e-1350-57e2-d280-27181d2abb15_1280x720.mp4,Wembanyama REBOUND (Off:1 Def:7)
https://videos.nba.com/nba/pbp/media/2024/03/12/0022300942/510/539d431f-497e-6335-14f7-38e418d1dec8_1280x720.mp4,Wembanyama REBOUND (Off:1 Def:8)
https://videos.nba.com/nba/pbp/media/2024/03/12/0022300942/617/7511f96c-e66c-4827-dd2b-67802e238571_1280x720.mp4,Wembanyama REBOUND (Off:1 Def:9)
https://videos.nba.com/nba/pbp/media/2024/03/05/0022300891/11/dd99af05-2a09-ae9d-9248-0fc5bf298152_1280x720.mp4,Wembanyama REBOUND (Off:0 Def:1)
https://videos.nba.com/nba/pbp/media/2024/03/05/0022300891/20/7a02aec5-3c00-2b3d-8f1c-eba589eb11e9_1280x720.mp4,Wembanyama REBOUND (Off:0 Def:2)
https://videos.nba.com/nba/pbp/media/2024/03/05/0022300891/160/6bfec392-933c-4118-d1c4-23ba7ae3d6c5_1280x720.mp4,Wembanyama REBOUND (Off:0 Def:3)
https://videos.nba.com/nba/pbp/media/2024/03/05/0022300891/163/69eb8b46-8322-da01-79bf-a09df6289285_1280x720.mp4,Wembanyama REBOUND (Off:0 Def:4)
https://videos.nba.com/nba/pbp/media/2024/03/05/0022300891/170/9a618e04-ba58-1e30-687a-7272c992355b_1280x720.mp4,Wembanyama REBOUND (Off:0 Def:5)
https://videos.nba.com/nba/pbp/media/2024/03/05/0022300891/179/f72be1eb-8827-e13d-f025-8b5935a6f1b7_1280x720.mp4,Wembanyama REBOUND (Off:1 Def:5)
https://videos.nba.com/nba/pbp/media/2024/03/05/0022300891/341/f58ae825-677e-8e1f-665e-eca80250542e_1280x720.mp4,Wembanyama REBOUND (Off:2 Def:5)
https://videos.nba.com/nba/pbp/media/2024/03/05/0022300891/354/a38a1daf-615b-d84b-88ea-895ed8fb3c11_1280x720.mp4,Wembanyama REBOUND (Off:2 Def:6)
https://videos.nba.com/nba/pbp/media/2024/03/05/0022300891/515/7170cc7d-61cc-67b1-448b-2c2fdc624376_1280x720.mp4,Wembanyama REBOUND (Off:2 Def:7)
https://videos.nba.com/nba/pbp/media/2024/03/05/0022300891/579/cbbd7c1d-44d0-dfe2-0f3d-56950e292acf_1280x720.mp4,Wembanyama REBOUND (Off:2 Def:8)
https://videos.nba.com/nba/pbp/media/2024/03/05/0022300891/602/94ff7a48-c505-44d2-14c3-6a5fe4d77a75_1280x720.mp4,Wembanyama REBOUND (Off:2 Def:9)
https://videos.nba.com/nba/pbp/media/2023/12/11/0022300298/10/fc83ed89-8713-f1ac-3485-63e0d97deffe_1280x720.mp4,Wembanyama REBOUND (Off:0 Def:1)
https://videos.nba.com/nba/pbp/media/2023/12/11/0022300298/15/d2bdbf4c-d6e1-5cd5-63f6-a8e44612bba0_1280x720.mp4,Wembanyama REBOUND (Off:0 Def:2)
https://videos.nba.com/nba/pbp/media/2023/12/11/0022300298/19/1505e69f-c1ea-85b2-5d1d-edd25fb93232_1280x720.mp4,Wembanyama REBOUND (Off:0 Def:3)
https://videos.nba.com/nba/pbp/media/2023/12/11/0022300298/68/0b9841cc-5283-8eb8-528c-d8334b005c1f_1280x720.mp4,Wembanyama REBOUND (Off:0 Def:4)
https://videos.nba.com/nba/pbp/media/2023/12/11/0022300298/80/8ac3b25b-8021-be9f-dd60-44aea37c6c2e_1280x720.mp4,Wembanyama REBOUND (Off:0 Def:5)
,Wembanyama REBOUND (Off:0 Def:6)
https://videos.nba.com/nba/pbp/media/2023/12/11/0022300298/371/261b5bef-2975-a9ad-5ada-f3a836fd61be_1280x720.mp4,Wembanyama REBOUND (Off:0 Def:7)
https://videos.nba.com/nba/pbp/media/2023/12/11/0022300298/392/6b03ab06-d7cb-a8e3-957a-a769f7722e45_1280x720.mp4,Wembanyama REBOUND (Off:1 Def:7)
https://videos.nba.com/nba/pbp/media/2023/12/11/0022300298/410/7c939b94-484a-ad6b-7cb7-0bb0d9521f38_1280x720.mp4,Wembanyama REBOUND (Off:1 Def:8)
https://videos.nba.com/nba/pbp/media/2023/12/11/0022300298/428/cb4ea8c6-d587-1cda-98ec-da51d41a0da1_1280x720.mp4,Wembanyama REBOUND (Off:1 Def:9)
https://videos.nba.com/nba/pbp/media/2023/12/11/0022300298/449/0e0fae9f-014e-702a-21d6-16504cd661dd_1280x720.mp4,Wembanyama REBOUND (Off:1 Def:10)
https://videos.nba.com/nba/pbp/media/2023/12/11/0022300298/453/209233a7-4552-e08f-c8a9-9275c2a4d81a_1280x720.mp4,Wembanyama REBOUND (Off:1 Def:11)
https://videos.nba.com/nba/pbp/media/2023/12/11/0022300298/519/c5a105fb-d8b8-737e-72b9-3829e43d4278_1280x720.mp4,Wembanyama REBOUND (Off:1 Def:12)
https://videos.nba.com/nba/pbp/media/2023/12/11/0022300298/535/e1fa31be-7681-8c15-a418-1e4e94a0f3bf_1280x720.mp4,Wembanyama REBOUND (Off:1 Def:13)
https://videos.nba.com/nba/pbp/media/2023/12/11/0022300298/538/e4e81d77-726e-eb3a-8015-c7788ad6c607_1280x720.mp4,Wembanyama REBOUND (Off:1 Def:14)
https://videos.nba.com/nba/pbp/media/2023/12/11/0022300298/552/bf37e5dd-4766-ca88-7e92-8954617b9925_1280x720.mp4,Wembanyama REBOUND (Off:1 Def:15)
https://videos.nba.com/nba/pbp/media/2023/12/11/0022300298/559/e0b14601-0229-145a-213f-05394d9e6ea0_1280x720.mp4,Wembanyama REBOUND (Off:1 Def:16)
https://videos.nba.com/nba/pbp/media/2023/12/11/0022300298/626/f3dc3834-9484-10d1-2184-0f368ead3480_1280x720.mp4,Wembanyama REBOUND (Off:2 Def:16)
https://videos.nba.com/nba/pbp/media/2023/10/27/0022300083/21/c6c3b398-cb81-411a-315d-5ba3ce874e70_1280x720.mp4,Wembanyama REBOUND (Off:1 Def:0)
https://videos.nba.com/nba/pbp/media/2023/10/27/0022300083/57/4de4fb3e-6747-8f24-58ad-b151ee7ac002_1280x720.mp4,Wembanyama REBOUND (Off:2 Def:0)
https://videos.nba.com/nba/pbp/media/2023/10/27/0022300083/195/a8c65205-9ba2-3923-1426-de01c846cae4_1280x720.mp4,Wembanyama REBOUND (Off:2 Def:1)
https://videos.nba.com/nba/pbp/media/2023/10/27/0022300083/326/c936ff44-3327-bb0b-bb7e-905c4c0649b1_1280x720.mp4,Wembanyama REBOUND (Off:2 Def:2)
https://videos.nba.com/nba/pbp/media/2023/10/27/0022300083/516/d3c0b50a-52b0-b536-fdae-75715191cc6e_1280x720.mp4,Wembanyama REBOUND (Off:3 Def:2)
https://videos.nba.com/nba/pbp/media/2023/10/27/0022300083/537/c256da23-4c28-a6c5-55e8-c806003c6dae_1280x720.mp4,Wembanyama REBOUND (Off:3 Def:3)
https://videos.nba.com/nba/pbp/media/2023/10/27/0022300083/548/4b27133f-25e0-9607-b048-077f2d228a9d_1280x720.mp4,Wembanyama REBOUND (Off:3 Def:4)
https://videos.nba.com/nba/pbp/media/2023/10/27/0022300083/672/e62d31f2-7b98-45c2-e132-c3b4fa12dc39_1280x720.mp4,Wembanyama REBOUND (Off:3 Def:5)
https://videos.nba.com/nba/pbp/media/2023/10/27/0022300083/740/a5d1ae9e-94c3-2ed3-5531-d8e2f242825f_1280x720.mp4,Wembanyama REBOUND (Off:4 Def:5)
https://videos.nba.com/nba/pbp/media/2023/10/27/0022300083/733/8c24a44e-18e7-8d9f-ba73-e5d08672ab4c_1280x720.mp4,Wembanyama REBOUND (Off:5 Def:5)
https://videos.nba.com/nba/pbp/media/2023/10/27/0022300083/754/41389518-452a-ce95-87f2-c11afe84ebb7_1280x720.mp4,Wembanyama REBOUND (Off:5 Def:6)
https://videos.nba.com/nba/pbp/media/2023/10/27/0022300083/758/edb4e021-2402-aad4-34d5-de259f221ebd_1280x720.mp4,Wembanyama REBOUND (Off:5 Def:7)
https://videos.nba.com/nba/pbp/media/2023/11/22/0022300235/24/b285a6e8-1d06-238a-cf72-410bfc88ee40_1280x720.mp4,Wembanyama REBOUND (Off:0 Def:1)
https://videos.nba.com/nba/pbp/media/2023/11/22/0022300235/31/d1ee9cce-c752-911f-e043-a8830e886b99_1280x720.mp4,Wembanyama REBOUND (Off:0 Def:2)
https://videos.nba.com/nba/pbp/media/2023/11/22/0022300235/38/e0c5eabc-b948-557f-2f08-40109444301a_1280x720.mp4,Wembanyama REBOUND (Off:0 Def:3)
https://videos.nba.com/nba/pbp/media/2023/11/22/0022300235/173/17d3be20-7c83-90e7-be57-cf04982c7d23_1280x720.mp4,Wembanyama REBOUND (Off:0 Def:4)
https://videos.nba.com/nba/pbp/media/2023/11/22/0022300235/192/4437030c-abba-0e24-583f-b8214496f2a1_1280x720.mp4,Wembanyama REBOUND (Off:0 Def:5)
https://videos.nba.com/nba/pbp/media/2023/11/22/0022300235/325/70fa5623-fa5c-f0dc-fdd8-d2ca9c5e6448_1280x720.mp4,Wembanyama REBOUND (Off:0 Def:6)
https://videos.nba.com/nba/pbp/media/2023/11/22/0022300235/332/9679f625-94f3-d13a-3ea8-c7b414c87770_1280x720.mp4,Wembanyama REBOUND (Off:0 Def:7)
https://videos.nba.com/nba/pbp/media/2023/11/22/0022300235/383/02d94d1e-ed2b-b198-f7e7-4c9f1e56b790_1280x720.mp4,Wembanyama REBOUND (Off:0 Def:8)
https://videos.nba.com/nba/pbp/media/2023/11/22/0022300235/428/6ce23933-0c59-632e-cf52-f4546ca1a019_1280x720.mp4,Wembanyama REBOUND (Off:1 Def:8)
https://videos.nba.com/nba/pbp/media/2023/11/22/0022300235/538/7acf8d60-aca0-3b83-a409-e5fff05b7eab_1280x720.mp4,Wembanyama REBOUND (Off:1 Def:9)
https://videos.nba.com/nba/pbp/media/2023/11/22/0022300235/542/76efaa09-f0ca-d740-9e1b-e885b5c9b5cf_1280x720.mp4,Wembanyama REBOUND (Off:1 Def:10)
https://videos.nba.com/nba/pbp/media/2023/11/22/0022300235/619/d2f53959-51ee-6252-6e70-0bc3a4e66c6b_1280x720.mp4,Wembanyama REBOUND (Off:1 Def:11)
https://videos.nba.com/nba/pbp/media/2023/11/22/0022300235/633/d7c33f18-7751-124d-3c53-a0e96461b9d7_1280x720.mp4,Wembanyama REBOUND (Off:1 Def:12)
https://videos.nba.com/nba/pbp/media/2023/11/22/0022300235/639/bc269b02-ebf5-1a03-9eba-01f50d0fe08b_1280x720.mp4,Wembanyama REBOUND (Off:1 Def:13)
https://videos.nba.com/nba/pbp/media/2023/11/22/0022300235/653/0a714b4a-0db2-49e3-3201-c7c4c3ed3b02_1280x720.mp4,Wembanyama REBOUND (Off:2 Def:13)
https://videos.nba.com/nba/pbp/media/2023/11/20/0022300223/35/ac82fca1-cb74-ae69-98d4-d31b945c4368_1280x720.mp4,Wembanyama REBOUND (Off:0 Def:1)
https://videos.nba.com/nba/pbp/media/2023/11/20/0022300223/330/091c4517-e4ba-9a35-80ae-055492955b96_1280x720.mp4,Wembanyama REBOUND (Off:0 Def:2)
https://videos.nba.com/nba/pbp/media/2023/11/20/0022300223/369/d15f6efa-2dd1-3d52-fc2e-157bf0c7e938_1280x720.mp4,Wembanyama REBOUND (Off:0 Def:3)
https://videos.nba.com/nba/pbp/media/2023/10/29/0022300099/31/3f561efa-7d86-0423-0586-3cb495048c24_1280x720.mp4,Wembanyama REBOUND (Off:0 Def:1)
https://videos.nba.com/nba/pbp/media/2023/10/29/0022300099/410/78ffc957-cbcb-1a81-0ed4-cb9162d9305b_1280x720.mp4,Wembanyama REBOUND (Off:1 Def:1)
https://videos.nba.com/nba/pbp/media/2023/10/29/0022300099/419/5dfcd744-3848-1856-6f95-d414bb9afe86_1280x720.mp4,Wembanyama REBOUND (Off:1 Def:2)
https://videos.nba.com/nba/pbp/media/2023/10/29/0022300099/560/0c6b552c-5b98-d576-38a2-40e9a14682b9_1280x720.mp4,Wembanyama REBOUND (Off:1 Def:3)
https://videos.nba.com/nba/pbp/media/2023/10/29/0022300099/564/c4603472-0cac-6cb4-dc82-5949f5ed3160_1280x720.mp4,Wembanyama REBOUND (Off:1 Def:4)
https://videos.nba.com/nba/pbp/media/2024/02/23/0022300813/13/03cf4c3b-2da6-8438-4d98-ec49b5a77712_1280x720.mp4,Wembanyama REBOUND (Off:0 Def:1)
https://videos.nba.com/nba/pbp/media/2024/02/23/0022300813/56/1757440b-703b-22f1-dba2-3f5a5cf21fba_1280x720.mp4,Wembanyama REBOUND (Off:0 Def:2)
https://videos.nba.com/nba/pbp/media/2024/02/23/0022300813/68/279b37f6-af96-9319-84b0-88945daa7a0f_1280x720.mp4,Wembanyama REBOUND (Off:0 Def:3)
https://videos.nba.com/nba/pbp/media/2024/02/23/0022300813/150/5a23b3e1-5e7b-1805-dac0-82d044bd5ccd_1280x720.mp4,Wembanyama REBOUND (Off:0 Def:4)
https://videos.nba.com/nba/pbp/media/2024/02/23/0022300813/170/b24e3271-3abc-cb27-0fab-3f222504fb67_1280x720.mp4,Wembanyama REBOUND (Off:0 Def:5)
https://videos.nba.com/nba/pbp/media/2024/02/23/0022300813/176/81cf9121-e83b-3768-03d5-4052c92df2e5_1280x720.mp4,Wembanyama REBOUND (Off:0 Def:6)
https://videos.nba.com/nba/pbp/media/2024/02/23/0022300813/220/713ff01a-6127-c87c-256e-aab1bca0ee98_1280x720.mp4,Wembanyama REBOUND (Off:0 Def:7)
https://videos.nba.com/nba/pbp/media/2024/02/23/0022300813/324/f2409bee-b0fb-cc34-11c0-c453b6d58ad4_1280x720.mp4,Wembanyama REBOUND (Off:0 Def:8)
https://videos.nba.com/nba/pbp/media/2024/02/23/0022300813/368/fa44faee-e1dd-bdd5-67a1-7244ec824c6e_1280x720.mp4,Wembanyama REBOUND (Off:1 Def:8)
https://videos.nba.com/nba/pbp/media/2024/02/23/0022300813/445/a22cb3fe-f5c8-9d11-7480-1dabc1915d05_1280x720.mp4,Wembanyama REBOUND (Off:1 Def:9)
https://videos.nba.com/nba/pbp/media/2023/12/15/0022300331/22/d3e3f009-9ab7-a28f-c25c-ebca117c3b22_1280x720.mp4,Wembanyama REBOUND (Off:0 Def:1)
https://videos.nba.com/nba/pbp/media/2023/12/15/0022300331/37/69a4b240-1e16-e8fc-f88e-fb653bcd5565_1280x720.mp4,Wembanyama REBOUND (Off:0 Def:2)
https://videos.nba.com/nba/pbp/media/2023/12/15/0022300331/84/249c8886-0592-3877-047f-7723ce488b31_1280x720.mp4,Wembanyama REBOUND (Off:0 Def:3)
https://videos.nba.com/nba/pbp/media/2023/12/15/0022300331/86/cfc3ab6e-bdc9-8ca1-f250-1a566f050219_1280x720.mp4,Wembanyama REBOUND (Off:1 Def:3)
https://videos.nba.com/nba/pbp/media/2023/12/15/0022300331/97/ba8f9409-7830-cf17-ce81-cfd99bdf8933_1280x720.mp4,Wembanyama REBOUND (Off:1 Def:4)
https://videos.nba.com/nba/pbp/media/2023/12/15/0022300331/102/b407498d-71e1-4fbd-8567-e79ebced44de_1280x720.mp4,Wembanyama REBOUND (Off:1 Def:5)
https://videos.nba.com/nba/pbp/media/2023/12/15/0022300331/207/d9bb22ce-a25d-908e-720e-6b66eaa817df_1280x720.mp4,Wembanyama REBOUND (Off:1 Def:6)
https://videos.nba.com/nba/pbp/media/2023/12/15/0022300331/268/6fa4b257-bb27-5e54-82ac-91b967b2906e_1280x720.mp4,Wembanyama REBOUND (Off:2 Def:6)
https://videos.nba.com/nba/pbp/media/2023/12/15/0022300331/360/715b87d7-cb37-cdde-bfdd-f1819404d2df_1280x720.mp4,Wembanyama REBOUND (Off:2 Def:7)
https://videos.nba.com/nba/pbp/media/2023/12/15/0022300331/380/1cfbdb34-d837-9dbf-8ece-ec2d7febd792_1280x720.mp4,Wembanyama REBOUND (Off:2 Def:8)
https://videos.nba.com/nba/pbp/media/2023/12/15/0022300331/501/587dba8c-cb4d-ef0b-4ab6-0c3cc58e0441_1280x720.mp4,Wembanyama REBOUND (Off:2 Def:9)
https://videos.nba.com/nba/pbp/media/2023/12/15/0022300331/504/0a57eea9-91f2-28be-1589-0c601536a531_1280x720.mp4,Wembanyama REBOUND (Off:2 Def:10)
https://videos.nba.com/nba/pbp/media/2023/12/15/0022300331/524/a8286b5b-e246-7230-1218-55c123a83cfe_1280x720.mp4,Wembanyama REBOUND (Off:2 Def:11)
https://videos.nba.com/nba/pbp/media/2023/12/15/0022300331/526/8a2751f8-5fd0-6efa-49a1-d01b1cc348a0_1280x720.mp4,Wembanyama REBOUND (Off:3 Def:11)
https://videos.nba.com/nba/pbp/media/2023/12/15/0022300331/555/dc8f2012-785d-bf02-92aa-ae1693703363_1280x720.mp4,Wembanyama REBOUND (Off:3 Def:12)
https://videos.nba.com/nba/pbp/media/2023/12/13/0022300316/15/0695f84f-7ec0-3db4-030f-c86b714841d1_1280x720.mp4,Wembanyama REBOUND (Off:0 Def:1)
https://videos.nba.com/nba/pbp/media/2023/12/13/0022300316/66/f0240444-91b4-456a-94ee-4f00b3cbef1b_1280x720.mp4,Wembanyama REBOUND (Off:0 Def:2)
https://videos.nba.com/nba/pbp/media/2023/12/13/0022300316/186/fa1a67a8-ef6b-b0cf-5ba7-727d763cfcaa_1280x720.mp4,Wembanyama REBOUND (Off:0 Def:3)
https://videos.nba.com/nba/pbp/media/2023/12/13/0022300316/190/be5524d0-d806-9906-7fdb-053feecad4d4_1280x720.mp4,Wembanyama REBOUND (Off:0 Def:4)
https://videos.nba.com/nba/pbp/media/2023/12/13/0022300316/293/e2f9127f-746e-3045-7d7c-f0a67681627e_1280x720.mp4,Wembanyama REBOUND (Off:1 Def:4)
https://videos.nba.com/nba/pbp/media/2023/12/13/0022300316/357/c24359d1-8edd-f23e-0f63-ce42670de14b_1280x720.mp4,Wembanyama REBOUND (Off:1 Def:5)
https://videos.nba.com/nba/pbp/media/2023/12/13/0022300316/366/b79a8fc4-9113-1c18-d09a-8056ec00afd8_1280x720.mp4,Wembanyama REBOUND (Off:2 Def:5)
https://videos.nba.com/nba/pbp/media/2023/12/13/0022300316/378/5beed1f9-5e65-6740-1559-664ff17b9e28_1280x720.mp4,Wembanyama REBOUND (Off:2 Def:6)
https://videos.nba.com/nba/pbp/media/2023/12/13/0022300316/397/1ff0e943-0acc-c76d-addb-7fea4ebe9e09_1280x720.mp4,Wembanyama REBOUND (Off:3 Def:6)
https://videos.nba.com/nba/pbp/media/2023/12/13/0022300316/513/a370fa0b-cfe9-67de-99c3-c092eb68d228_1280x720.mp4,Wembanyama REBOUND (Off:4 Def:6)
https://videos.nba.com/nba/pbp/media/2023/12/13/0022300316/558/9016a481-ef8c-9932-2ab7-6655fcf60ea5_1280x720.mp4,Wembanyama REBOUND (Off:4 Def:7)
https://videos.nba.com/nba/pbp/media/2023/12/13/0022300316/626/14ff5fbb-e2f8-a2e4-fad2-ba527516c26e_1280x720.mp4,Wembanyama REBOUND (Off:4 Def:8)
https://videos.nba.com/nba/pbp/media/2023/12/13/0022300316/651/e53534a7-c380-8885-d545-9b705a2e947e_1280x720.mp4,Wembanyama REBOUND (Off:4 Def:9)
https://videos.nba.com/nba/pbp/media/2024/02/07/0022300730/28/60c7ee5c-a0a7-0b42-1142-271af4855973_1280x720.mp4,Wembanyama REBOUND (Off:0 Def:1)
https://videos.nba.com/nba/pbp/media/2024/02/07/0022300730/46/61d7f924-321c-7255-5197-716b89d1287f_1280x720.mp4,Wembanyama REBOUND (Off:0 Def:2)
https://videos.nba.com/nba/pbp/media/2024/02/07/0022300730/56/bbf3423c-1084-a66b-fb3b-099d699cc1f7_1280x720.mp4,Wembanyama REBOUND (Off:0 Def:3)
,Wembanyama REBOUND (Off:0 Def:4)
,Wembanyama REBOUND (Off:0 Def:5)
https://videos.nba.com/nba/pbp/media/2024/02/07/0022300730/200/adbf93b3-2295-2b7d-fe50-2d5b071b283c_1280x720.mp4,Wembanyama REBOUND (Off:0 Def:6)
https://videos.nba.com/nba/pbp/media/2024/02/07/0022300730/263/f57fdd09-455a-f8f9-68a1-6b5fe258876b_1280x720.mp4,Wembanyama REBOUND (Off:0 Def:7)
https://videos.nba.com/nba/pbp/media/2024/02/07/0022300730/341/6374d858-f323-4bdd-18ad-a1ee192b472b_1280x720.mp4,Wembanyama REBOUND (Off:0 Def:8)
https://videos.nba.com/nba/pbp/media/2024/02/07/0022300730/357/10562f63-5277-e727-6c9a-edc43ac48c3a_1280x720.mp4,Wembanyama REBOUND (Off:0 Def:9)
https://videos.nba.com/nba/pbp/media/2024/02/07/0022300730/397/f1330a10-12a1-3078-bbf8-bb88d76de99f_1280x720.mp4,Wembanyama REBOUND (Off:0 Def:10)
https://videos.nba.com/nba/pbp/media/2024/02/07/0022300730/409/9708fe43-6325-13e0-0761-d2dfab77bfa1_1280x720.mp4,Wembanyama REBOUND (Off:0 Def:11)
https://videos.nba.com/nba/pbp/media/2024/02/07/0022300730/495/a9d8dbee-5f71-7f16-1a73-d59a44a9416f_1280x720.mp4,Wembanyama REBOUND (Off:0 Def:12)
https://videos.nba.com/nba/pbp/media/2024/02/07/0022300730/586/0cc9cc4e-fefa-099c-7f59-b0c4285e23ea_1280x720.mp4,Wembanyama REBOUND (Off:0 Def:13)
https://videos.nba.com/nba/pbp/media/2023/11/12/0022300184/8/0e1d8481-d1aa-16bd-3510-1377ab05fd2f_1280x720.mp4,Wembanyama REBOUND (Off:0 Def:1)
https://videos.nba.com/nba/pbp/media/2023/11/12/0022300184/20/854d14f7-6192-d7d8-76ba-812b8e68c73e_1280x720.mp4,Wembanyama REBOUND (Off:0 Def:2)
https://videos.nba.com/nba/pbp/media/2023/11/12/0022300184/27/d3e421fb-c196-022b-1667-5f7c30995a51_1280x720.mp4,Wembanyama REBOUND (Off:0 Def:3)
https://videos.nba.com/nba/pbp/media/2023/11/12/0022300184/201/83b8b69d-f319-1585-5bf3-2cae0ac330dc_1280x720.mp4,Wembanyama REBOUND (Off:0 Def:4)
https://videos.nba.com/nba/pbp/media/2023/11/12/0022300184/292/769350d5-893d-1757-13a8-96b140df91f9_1280x720.mp4,Wembanyama REBOUND (Off:1 Def:4)
https://videos.nba.com/nba/pbp/media/2023/11/12/0022300184/317/229f9628-3a1f-5aa0-251e-63d1fc95be82_1280x720.mp4,Wembanyama REBOUND (Off:1 Def:5)
https://videos.nba.com/nba/pbp/media/2023/11/12/0022300184/339/61c7cf2e-9d6c-f806-e28e-cecb02027628_1280x720.mp4,Wembanyama REBOUND (Off:1 Def:6)
https://videos.nba.com/nba/pbp/media/2023/11/12/0022300184/355/2cb9437b-baf3-9a96-73f0-b83ff07f1016_1280x720.mp4,Wembanyama REBOUND (Off:1 Def:7)
https://videos.nba.com/nba/pbp/media/2023/11/12/0022300184/366/8c7f2271-dda2-6ba5-4f71-7e3c5cfc5bd7_1280x720.mp4,Wembanyama REBOUND (Off:1 Def:8)
https://videos.nba.com/nba/pbp/media/2023/11/12/0022300184/499/e102dc1d-151e-db84-e1c5-e169b9dc5df7_1280x720.mp4,Wembanyama REBOUND (Off:1 Def:9)
https://videos.nba.com/nba/pbp/media/2023/11/12/0022300184/533/708525dc-cd56-82e5-7b28-ff1fabb9e30b_1280x720.mp4,Wembanyama REBOUND (Off:1 Def:10)
https://videos.nba.com/nba/pbp/media/2024/01/04/0022300477/189/e5075c4d-bff1-14c7-f9da-dad84dddd794_1280x720.mp4,Wembanyama REBOUND (Off:0 Def:1)
https://videos.nba.com/nba/pbp/media/2024/01/04/0022300477/196/89aed0ab-9f15-5c86-c742-d771fb870826_1280x720.mp4,Wembanyama REBOUND (Off:0 Def:2)
https://videos.nba.com/nba/pbp/media/2024/01/04/0022300477/200/ac6a4d71-5c6d-9621-4dc1-fc4d0bd2d977_1280x720.mp4,Wembanyama REBOUND (Off:0 Def:3)
https://videos.nba.com/nba/pbp/media/2024/01/04/0022300477/309/cba694d5-709b-0332-0ceb-be7bd324c27a_1280x720.mp4,Wembanyama REBOUND (Off:1 Def:3)
https://videos.nba.com/nba/pbp/media/2024/01/04/0022300477/313/5651f26e-3cb4-4d06-0217-339123cf5205_1280x720.mp4,Wembanyama REBOUND (Off:2 Def:3)
https://videos.nba.com/nba/pbp/media/2024/01/04/0022300477/326/8ea7d24f-997f-e493-5f3f-c89e0c0bec41_1280x720.mp4,Wembanyama REBOUND (Off:2 Def:4)
https://videos.nba.com/nba/pbp/media/2024/01/04/0022300477/336/96c6e80f-5984-5466-692d-1dab7f1758b3_1280x720.mp4,Wembanyama REBOUND (Off:2 Def:5)
https://videos.nba.com/nba/pbp/media/2024/01/04/0022300477/386/833d1b8f-5064-6f02-adf2-40c80bdb1cae_1280x720.mp4,Wembanyama REBOUND (Off:2 Def:6)
https://videos.nba.com/nba/pbp/media/2024/01/04/0022300477/611/91702102-f5b5-1cd7-4300-f98af94fc7b8_1280x720.mp4,Wembanyama REBOUND (Off:3 Def:6)
https://videos.nba.com/nba/pbp/media/2024/02/27/0022300838/28/47d4f1e0-ee9a-8937-c643-f8ad0aa94599_1280x720.mp4,Wembanyama REBOUND (Off:0 Def:1)
https://videos.nba.com/nba/pbp/media/2024/02/27/0022300838/45/abbee30d-db34-333a-6450-c2f69ee321c1_1280x720.mp4,Wembanyama REBOUND (Off:0 Def:2)
https://videos.nba.com/nba/pbp/media/2024/02/27/0022300838/60/db4cb39b-f0f5-70e6-2f79-76fc2d9d9918_1280x720.mp4,Wembanyama REBOUND (Off:0 Def:3)
https://videos.nba.com/nba/pbp/media/2024/02/27/0022300838/148/4ce2fa87-aa40-c73e-5312-1dbe474964a6_1280x720.mp4,Wembanyama REBOUND (Off:0 Def:4)
https://videos.nba.com/nba/pbp/media/2024/02/27/0022300838/217/a9106462-b2ee-0536-473e-faa1b9227d90_1280x720.mp4,Wembanyama REBOUND (Off:0 Def:5)
https://videos.nba.com/nba/pbp/media/2024/02/27/0022300838/308/04729e84-10c6-c18f-03b9-7b80f2c69d32_1280x720.mp4,Wembanyama REBOUND (Off:0 Def:6)
https://videos.nba.com/nba/pbp/media/2024/02/27/0022300838/420/27f43a7d-e696-6e4b-42bb-570f06c78053_1280x720.mp4,Wembanyama REBOUND (Off:0 Def:7)
https://videos.nba.com/nba/pbp/media/2024/02/27/0022300838/486/0a85583b-c3d1-55d2-7d80-d8907194a766_1280x720.mp4,Wembanyama REBOUND (Off:0 Def:8)
https://videos.nba.com/nba/pbp/media/2024/02/27/0022300838/539/362bd060-9220-3225-82ac-bfc4fc0530f7_1280x720.mp4,Wembanyama REBOUND (Off:0 Def:9)
https://videos.nba.com/nba/pbp/media/2024/02/27/0022300838/564/a49f850b-77a2-0e54-16b6-02f0f95aa975_1280x720.mp4,Wembanyama REBOUND (Off:0 Def:10)
https://videos.nba.com/nba/pbp/media/2024/02/27/0022300838/568/176ccb8d-5778-a050-ab17-1479f7e4965b_1280x720.mp4,Wembanyama REBOUND (Off:0 Def:11)
https://videos.nba.com/nba/pbp/media/2024/02/27/0022300838/596/3a5a92b2-6a24-bce4-98e4-b1e2b7561b21_1280x720.mp4,Wembanyama REBOUND (Off:1 Def:11)
https://videos.nba.com/nba/pbp/media/2024/02/27/0022300838/632/837de40a-a81c-22ca-c024-f93dd0245aea_1280x720.mp4,Wembanyama REBOUND (Off:1 Def:12)
https://videos.nba.com/nba/pbp/media/2024/01/27/0022300649/29/96d60e03-b842-64dc-124c-9aa39fecb7b1_1280x720.mp4,Wembanyama REBOUND (Off:0 Def:1)
https://videos.nba.com/nba/pbp/media/2024/01/27/0022300649/58/d93deb0a-aa39-0610-821a-24b37a3aaa32_1280x720.mp4,Wembanyama REBOUND (Off:0 Def:2)
https://videos.nba.com/nba/pbp/media/2024/01/27/0022300649/237/aee64aa4-fbc7-17bb-fbeb-7b465abbacfe_1280x720.mp4,Wembanyama REBOUND (Off:0 Def:3)
https://videos.nba.com/nba/pbp/media/2024/01/27/0022300649/351/85e176bc-710c-d6cc-abfe-47623bc3d3a4_1280x720.mp4,Wembanyama REBOUND (Off:0 Def:4)
https://videos.nba.com/nba/pbp/media/2024/01/27/0022300649/385/e44f6315-2049-1687-a950-784ad0b2ce6c_1280x720.mp4,Wembanyama REBOUND (Off:0 Def:5)
https://videos.nba.com/nba/pbp/media/2024/01/27/0022300649/394/ecf22e80-e988-5d2f-aa78-49a765e61a77_1280x720.mp4,Wembanyama REBOUND (Off:0 Def:6)
https://videos.nba.com/nba/pbp/media/2024/01/27/0022300649/398/f48068f1-3b92-422a-c1c7-7c0a300d0ef4_1280x720.mp4,Wembanyama REBOUND (Off:0 Def:7)
https://videos.nba.com/nba/pbp/media/2024/01/27/0022300649/498/95a4f5d1-1c2d-9bf5-d5ee-230dd4428d89_1280x720.mp4,Wembanyama REBOUND (Off:0 Def:8)
https://videos.nba.com/nba/pbp/media/2024/01/27/0022300649/547/2bbea744-f839-9646-ea15-3398f63c6143_1280x720.mp4,Wembanyama REBOUND (Off:0 Def:9)
https://videos.nba.com/nba/pbp/media/2024/01/27/0022300649/595/15f1c973-2130-c472-df53-81e4b1511678_1280x720.mp4,Wembanyama REBOUND (Off:0 Def:10)
https://videos.nba.com/nba/pbp/media/2023/12/06/0022301210/20/cfa0fdc5-661c-bf48-9066-76bdee1fe064_1280x720.mp4,Wembanyama REBOUND (Off:0 Def:1)
https://videos.nba.com/nba/pbp/media/2023/12/06/0022301210/72/40a638b3-d81d-59d1-5ae2-ccb5e76cd21c_1280x720.mp4,Wembanyama REBOUND (Off:1 Def:1)
https://videos.nba.com/nba/pbp/media/2023/12/06/0022301210/156/30c1887c-c687-2008-227d-0d564aae93a5_1280x720.mp4,Wembanyama REBOUND (Off:2 Def:1)
https://videos.nba.com/nba/pbp/media/2023/12/06/0022301210/244/b5b95a4c-0e9e-0620-925b-be5fa393dd78_1280x720.mp4,Wembanyama REBOUND (Off:2 Def:2)
https://videos.nba.com/nba/pbp/media/2023/12/06/0022301210/331/2f014461-8cd1-25a4-e97f-d0fb96b39fb0_1280x720.mp4,Wembanyama REBOUND (Off:2 Def:3)
https://videos.nba.com/nba/pbp/media/2023/12/06/0022301210/349/1f369faa-71a6-5c60-82b5-e06e619a9d91_1280x720.mp4,Wembanyama REBOUND (Off:2 Def:4)
https://videos.nba.com/nba/pbp/media/2023/12/06/0022301210/377/0757a6de-e655-896f-f9da-f400762b2a5d_1280x720.mp4,Wembanyama REBOUND (Off:2 Def:5)
https://videos.nba.com/nba/pbp/media/2023/12/06/0022301210/454/988402fd-75f0-01f4-6202-211d37a08f81_1280x720.mp4,Wembanyama REBOUND (Off:2 Def:6)
https://videos.nba.com/nba/pbp/media/2023/12/06/0022301210/517/3c0e118f-0deb-c710-1985-d10226fa396a_1280x720.mp4,Wembanyama REBOUND (Off:2 Def:7)
https://videos.nba.com/nba/pbp/media/2023/12/06/0022301210/634/0a087205-9cdb-17c5-a197-31de7bf6b749_1280x720.mp4,Wembanyama REBOUND (Off:3 Def:7)
https://videos.nba.com/nba/pbp/media/2023/11/10/0022300013/144/fe9e39da-3c9f-0987-810f-172b7ca9f2e1_1280x720.mp4,Wembanyama REBOUND (Off:0 Def:1)
https://videos.nba.com/nba/pbp/media/2023/11/10/0022300013/196/bdb930fd-fcc2-6d23-2f54-7e2af22cfa51_1280x720.mp4,Wembanyama REBOUND (Off:1 Def:1)
https://videos.nba.com/nba/pbp/media/2023/11/10/0022300013/226/205663b5-89c9-4b2d-74ac-f06eaad07402_1280x720.mp4,Wembanyama REBOUND (Off:1 Def:2)
https://videos.nba.com/nba/pbp/media/2023/11/10/0022300013/344/fb32eb03-55d7-20ea-fa4c-d266cf67013c_1280x720.mp4,Wembanyama REBOUND (Off:1 Def:3)
https://videos.nba.com/nba/pbp/media/2023/11/10/0022300013/357/3e14e18a-b9e4-ab00-0880-6017d0bc708a_1280x720.mp4,Wembanyama REBOUND (Off:1 Def:4)
https://videos.nba.com/nba/pbp/media/2023/11/10/0022300013/514/e10a4ecc-7bc2-489f-122d-416c56a964d6_1280x720.mp4,Wembanyama REBOUND (Off:1 Def:5)
https://videos.nba.com/nba/pbp/media/2023/11/10/0022300013/539/f9b4ecd7-6799-0e9e-a3a5-ad5e2ebc4cb0_1280x720.mp4,Wembanyama REBOUND (Off:1 Def:6)
https://videos.nba.com/nba/pbp/media/2023/11/10/0022300013/561/69c1aa95-0f81-736e-8d71-b846437f8b45_1280x720.mp4,Wembanyama REBOUND (Off:1 Def:7)
https://videos.nba.com/nba/pbp/media/2023/11/10/0022300013/628/9d3766ec-a232-f178-02a7-e8cf1e33d8d3_1280x720.mp4,Wembanyama REBOUND (Off:1 Def:8)
https://videos.nba.com/nba/pbp/media/2024/03/17/0022300981/14/d440559d-ca10-0525-5ee2-9b11734c32bd_1280x720.mp4,Wembanyama REBOUND (Off:0 Def:1)
https://videos.nba.com/nba/pbp/media/2024/03/17/0022300981/18/6d606a28-ccb1-fbcf-8b82-6fb419308992_1280x720.mp4,Wembanyama REBOUND (Off:0 Def:2)
https://videos.nba.com/nba/pbp/media/2024/03/17/0022300981/22/970a09a0-60cc-e17e-64cf-2766ad645c79_1280x720.mp4,Wembanyama REBOUND (Off:0 Def:3)
https://videos.nba.com/nba/pbp/media/2024/03/17/0022300981/37/e33d9583-b34d-5a8a-4681-b48a0f802bd2_1280x720.mp4,Wembanyama REBOUND (Off:0 Def:4)
https://videos.nba.com/nba/pbp/media/2024/03/17/0022300981/75/4f27547d-348c-ad3e-4578-6630632e52b5_1280x720.mp4,Wembanyama REBOUND (Off:1 Def:4)
https://videos.nba.com/nba/pbp/media/2024/03/17/0022300981/168/78be7909-2b23-c770-61bc-25fae075ab54_1280x720.mp4,Wembanyama REBOUND (Off:1 Def:5)
https://videos.nba.com/nba/pbp/media/2024/03/17/0022300981/247/7d13cdd9-3498-fe47-2161-502c34a7845d_1280x720.mp4,Wembanyama REBOUND (Off:2 Def:5)
https://videos.nba.com/nba/pbp/media/2024/03/17/0022300981/349/87e19312-af81-fbb3-47f0-88478a5c3039_1280x720.mp4,Wembanyama REBOUND (Off:3 Def:5)
https://videos.nba.com/nba/pbp/media/2024/03/17/0022300981/370/82e71985-c21f-53ac-2492-e4c2b33198d6_1280x720.mp4,Wembanyama REBOUND (Off:3 Def:6)
https://videos.nba.com/nba/pbp/media/2024/03/17/0022300981/380/4b971521-4a35-ca88-8b58-6f4b47366083_1280x720.mp4,Wembanyama REBOUND (Off:3 Def:7)
https://videos.nba.com/nba/pbp/media/2024/03/17/0022300981/490/a79c21de-ed72-cc33-e600-65a9d190e2ac_1280x720.mp4,Wembanyama REBOUND (Off:3 Def:8)
https://videos.nba.com/nba/pbp/media/2024/03/17/0022300981/637/407ed96d-2e43-9ed8-f475-fba6ba6657a5_1280x720.mp4,Wembanyama REBOUND (Off:4 Def:8)
https://videos.nba.com/nba/pbp/media/2024/03/17/0022300981/640/5665d399-ad70-7206-e2be-7966779032ae_1280x720.mp4,Wembanyama REBOUND (Off:4 Def:9)
https://videos.nba.com/nba/pbp/media/2024/03/17/0022300981/648/a33af265-f54d-329d-5f7d-1f493628d245_1280x720.mp4,Wembanyama REBOUND (Off:4 Def:10)
https://videos.nba.com/nba/pbp/media/2024/03/17/0022300981/681/e2243b53-d7d2-65f0-d806-044893778c12_1280x720.mp4,Wembanyama REBOUND (Off:4 Def:11)
https://videos.nba.com/nba/pbp/media/2024/02/10/0022300750/351/0c09e20d-522e-b285-bfd7-297497688ba1_1280x720.mp4,Wembanyama REBOUND (Off:0 Def:1)
https://videos.nba.com/nba/pbp/media/2024/02/10/0022300750/537/abc87593-34d9-8828-f246-b56420853646_1280x720.mp4,Wembanyama REBOUND (Off:0 Def:2)
https://videos.nba.com/nba/pbp/media/2024/02/10/0022300750/547/d50007bd-8a50-4126-c925-fa4526c778ed_1280x720.mp4,Wembanyama REBOUND (Off:0 Def:3)
https://videos.nba.com/nba/pbp/media/2024/02/10/0022300750/606/dc02eb75-5975-76c3-50e8-b1e9c6f8a19f_1280x720.mp4,Wembanyama REBOUND (Off:0 Def:4)
https://videos.nba.com/nba/pbp/media/2023/11/08/0022300161/8/1f4abf61-59f2-f37f-323e-ab7f13d802be_1280x720.mp4,Wembanyama REBOUND (Off:0 Def:1)
https://videos.nba.com/nba/pbp/media/2023/11/08/0022300161/130/d1f48bd4-7afa-e31b-c2b2-bbea57975762_1280x720.mp4,Wembanyama REBOUND (Off:1 Def:1)
https://videos.nba.com/nba/pbp/media/2023/11/08/0022300161/163/05ee9f5a-3354-dea5-1855-f850d29460fe_1280x720.mp4,Wembanyama REBOUND (Off:1 Def:2)
https://videos.nba.com/nba/pbp/media/2023/11/08/0022300161/187/773f3863-1b5a-778a-fe88-f2ab8245cb0f_1280x720.mp4,Wembanyama REBOUND (Off:1 Def:3)
https://videos.nba.com/nba/pbp/media/2023/11/08/0022300161/360/171ef6e5-8ca0-7cb3-6467-a440ba748073_1280x720.mp4,Wembanyama REBOUND (Off:2 Def:3)
https://videos.nba.com/nba/pbp/media/2023/11/08/0022300161/447/c67c74bd-4e7c-6836-8a30-505d392126e5_1280x720.mp4,Wembanyama REBOUND (Off:3 Def:3)
https://videos.nba.com/nba/pbp/media/2023/11/08/0022300161/504/c44a0a61-b92c-c0ef-0046-0e9a3092e981_1280x720.mp4,Wembanyama REBOUND (Off:3 Def:4)
https://videos.nba.com/nba/pbp/media/2023/11/08/0022300161/593/5b0c6e1e-0413-7400-0309-6cf6c5977874_1280x720.mp4,Wembanyama REBOUND (Off:4 Def:4)
https://videos.nba.com/nba/pbp/media/2023/11/08/0022300161/599/1feb3fd9-f288-bf14-cf73-210ad098f0ad_1280x720.mp4,Wembanyama REBOUND (Off:4 Def:5)
https://videos.nba.com/nba/pbp/media/2024/02/08/0022300734/535/ba3c2886-101a-36cd-9546-f5b83c65e680_1280x720.mp4,Wembanyama REBOUND (Off:0 Def:1)
https://videos.nba.com/nba/pbp/media/2024/01/31/0022300681/33/7b20ed0e-e86c-62ac-ad84-b7de3e446f21_1280x720.mp4,Wembanyama REBOUND (Off:0 Def:1)
https://videos.nba.com/nba/pbp/media/2024/01/31/0022300681/43/cf1d192c-b9fd-00dd-f4da-ff96921049e5_1280x720.mp4,Wembanyama REBOUND (Off:0 Def:2)
https://videos.nba.com/nba/pbp/media/2024/01/31/0022300681/182/b1789e69-adf3-ccf6-6254-e55a3655a4a6_1280x720.mp4,Wembanyama REBOUND (Off:0 Def:3)
https://videos.nba.com/nba/pbp/media/2024/01/31/0022300681/202/0fcd87e1-507e-0ef9-472d-f38295d75127_1280x720.mp4,Wembanyama REBOUND (Off:0 Def:4)
https://videos.nba.com/nba/pbp/media/2024/01/31/0022300681/215/213f4695-bf5e-0fa0-76c5-dfbb6f517325_1280x720.mp4,Wembanyama REBOUND (Off:0 Def:5)
https://videos.nba.com/nba/pbp/media/2024/01/31/0022300681/363/be88cfcc-f155-2a5f-1016-0ac42399ca30_1280x720.mp4,Wembanyama REBOUND (Off:0 Def:6)
https://videos.nba.com/nba/pbp/media/2024/01/31/0022300681/536/71590b3c-d487-ccce-04d1-7b05989f5b8b_1280x720.mp4,Wembanyama REBOUND (Off:0 Def:7)
https://videos.nba.com/nba/pbp/media/2024/01/31/0022300681/653/dc446e98-5926-8959-3ce1-d8832a91f74e_1280x720.mp4,Wembanyama REBOUND (Off:0 Def:8)
https://videos.nba.com/nba/pbp/media/2024/03/03/0022300877/8/269ad3c2-ce2f-30d3-ba0a-03eecd33d3d4_1280x720.mp4,Wembanyama REBOUND (Off:1 Def:0)
https://videos.nba.com/nba/pbp/media/2024/03/03/0022300877/11/f96838c2-e9f3-c4c5-b8bf-e340aeb7740a_1280x720.mp4,Wembanyama REBOUND (Off:1 Def:1)
https://videos.nba.com/nba/pbp/media/2024/03/03/0022300877/27/53b41e22-f33b-8ad3-212f-07e6a31d3bf7_1280x720.mp4,Wembanyama REBOUND (Off:1 Def:2)
https://videos.nba.com/nba/pbp/media/2024/03/03/0022300877/38/74e0b088-4fdc-eda4-9bcc-08b710ef6c34_1280x720.mp4,Wembanyama REBOUND (Off:1 Def:3)
https://videos.nba.com/nba/pbp/media/2024/03/03/0022300877/212/81e98757-9dc2-dbb7-db6c-c79d8f24cab4_1280x720.mp4,Wembanyama REBOUND (Off:1 Def:4)
https://videos.nba.com/nba/pbp/media/2024/03/03/0022300877/335/9375daf2-2421-2b0c-3e67-1b46bfc43ebe_1280x720.mp4,Wembanyama REBOUND (Off:1 Def:5)
https://videos.nba.com/nba/pbp/media/2024/03/03/0022300877/377/40b26e94-63f4-904a-f5ed-4f872d0fbc25_1280x720.mp4,Wembanyama REBOUND (Off:1 Def:6)
https://videos.nba.com/nba/pbp/media/2024/03/03/0022300877/391/1185499b-c1c7-da97-2849-e4ef5ef7d330_1280x720.mp4,Wembanyama REBOUND (Off:2 Def:6)
https://videos.nba.com/nba/pbp/media/2024/03/03/0022300877/395/a19f053e-0c2a-01c0-fdea-f1b10c74f9f4_1280x720.mp4,Wembanyama REBOUND (Off:2 Def:7)
https://videos.nba.com/nba/pbp/media/2024/03/03/0022300877/605/323ef233-c4a0-95a7-f4bb-96647f8d49d4_1280x720.mp4,Wembanyama REBOUND (Off:2 Def:8)
https://videos.nba.com/nba/pbp/media/2024/03/03/0022300877/610/546c55cf-6f93-fb82-adde-17d02725a7ac_1280x720.mp4,Wembanyama REBOUND (Off:2 Def:9)
https://videos.nba.com/nba/pbp/media/2024/03/03/0022300877/626/9cae1775-3a15-68c1-9a2d-a915ba8b2972_1280x720.mp4,Wembanyama REBOUND (Off:2 Def:10)
https://videos.nba.com/nba/pbp/media/2023/11/06/0022300146/24/bd267a08-fe2e-1142-7d34-c95cb654e449_1280x720.mp4,Wembanyama REBOUND (Off:0 Def:1)
https://videos.nba.com/nba/pbp/media/2023/11/06/0022300146/51/2d73cfbb-371a-94f3-b087-65bd7ea94410_1280x720.mp4,Wembanyama REBOUND (Off:0 Def:2)
https://videos.nba.com/nba/pbp/media/2023/11/06/0022300146/71/d61f2e13-f542-3d70-d97a-a37ae422fd1e_1280x720.mp4,Wembanyama REBOUND (Off:0 Def:3)
https://videos.nba.com/nba/pbp/media/2023/11/06/0022300146/248/dca2d30b-e719-69e6-3085-227439cac067_1280x720.mp4,Wembanyama REBOUND (Off:0 Def:4)
https://videos.nba.com/nba/pbp/media/2023/11/06/0022300146/354/d7471cb5-e0c3-cdfe-2221-97f7dd8700a8_1280x720.mp4,Wembanyama REBOUND (Off:0 Def:5)
https://videos.nba.com/nba/pbp/media/2023/11/06/0022300146/384/b3df9771-c2b5-7113-b39c-732d7beec288_1280x720.mp4,Wembanyama REBOUND (Off:0 Def:6)
https://videos.nba.com/nba/pbp/media/2023/11/06/0022300146/396/11d53463-9331-c4d4-136e-a8b68e116f73_1280x720.mp4,Wembanyama REBOUND (Off:0 Def:7)
https://videos.nba.com/nba/pbp/media/2023/11/06/0022300146/412/c8ad3bad-e431-be1e-e435-6ddc324ead52_1280x720.mp4,Wembanyama REBOUND (Off:0 Def:8)
https://videos.nba.com/nba/pbp/media/2023/11/06/0022300146/426/23c9cef1-9f74-aaad-09b0-487c4d6b485b_1280x720.mp4,Wembanyama REBOUND (Off:0 Def:9)
https://videos.nba.com/nba/pbp/media/2023/11/06/0022300146/442/eea1ee2e-d700-1fb7-2e6a-b46d4d560899_1280x720.mp4,Wembanyama REBOUND (Off:1 Def:9)
https://videos.nba.com/nba/pbp/media/2024/01/22/0022300608/21/636e073d-4d60-e1a8-0aaa-d99aa0826f30_1280x720.mp4,Wembanyama REBOUND (Off:0 Def:1)
https://videos.nba.com/nba/pbp/media/2024/01/22/0022300608/276/aa281e85-46ac-0e65-243f-9da0a61d0459_1280x720.mp4,Wembanyama REBOUND (Off:0 Def:2)
https://videos.nba.com/nba/pbp/media/2024/01/22/0022300608/293/9a30c248-6c74-e75e-0b91-26d26a5080bb_1280x720.mp4,Wembanyama REBOUND (Off:0 Def:3)
https://videos.nba.com/nba/pbp/media/2024/01/22/0022300608/295/3023f136-f69d-3939-c1b2-310de151208c_1280x720.mp4,Wembanyama REBOUND (Off:1 Def:3)
https://videos.nba.com/nba/pbp/media/2024/01/22/0022300608/544/7c9f514b-ac82-dfd8-1eef-41022370a123_1280x720.mp4,Wembanyama REBOUND (Off:2 Def:3)
https://videos.nba.com/nba/pbp/media/2024/01/22/0022300608/571/7f98c00f-8d1b-fc01-1d21-818a74d08446_1280x720.mp4,Wembanyama REBOUND (Off:2 Def:4)
https://videos.nba.com/nba/pbp/media/2024/01/22/0022300608/579/dbfaf829-dd9c-028d-4f07-f632013b3843_1280x720.mp4,Wembanyama REBOUND (Off:3 Def:4)
https://videos.nba.com/nba/pbp/media/2024/03/23/0022301025/25/46537782-0d6d-13cf-bbcb-de9497e029e3_1280x720.mp4,Wembanyama REBOUND (Off:0 Def:1)
https://videos.nba.com/nba/pbp/media/2024/03/23/0022301025/134/651ea303-ea5e-77ae-07c2-5a436535a96c_1280x720.mp4,Wembanyama REBOUND (Off:0 Def:2)
https://videos.nba.com/nba/pbp/media/2024/03/23/0022301025/136/23c78cab-4dbf-1d35-fd5f-b8c4fd122b50_1280x720.mp4,Wembanyama REBOUND (Off:1 Def:2)
https://videos.nba.com/nba/pbp/media/2024/03/23/0022301025/180/27c1c7ec-e5dc-0ad8-3bec-9a74d6b5dc6e_1280x720.mp4,Wembanyama REBOUND (Off:1 Def:3)
https://videos.nba.com/nba/pbp/media/2024/03/23/0022301025/334/b262efd3-e19a-3490-cfa3-7aea79a4d87c_1280x720.mp4,Wembanyama REBOUND (Off:1 Def:4)
https://videos.nba.com/nba/pbp/media/2023/11/02/0022300131/30/15f75393-2d82-64e5-0cfa-f30380656432_1280x720.mp4,Wembanyama REBOUND (Off:0 Def:1)
https://videos.nba.com/nba/pbp/media/2023/11/02/0022300131/127/124a52a4-5e2b-497f-ae00-3bce758c68b9_1280x720.mp4,Wembanyama REBOUND (Off:1 Def:1)
https://videos.nba.com/nba/pbp/media/2023/11/02/0022300131/130/06ceb4a6-9333-b324-52ad-dcff4d25b742_1280x720.mp4,Wembanyama REBOUND (Off:2 Def:1)
https://videos.nba.com/nba/pbp/media/2023/11/02/0022300131/196/d8e39e0a-c6ce-f5cb-c575-171357ce5fcf_1280x720.mp4,Wembanyama REBOUND (Off:2 Def:2)
https://videos.nba.com/nba/pbp/media/2023/11/02/0022300131/200/3bf4c2d8-ba5d-4595-0c6c-ee4a3649152b_1280x720.mp4,Wembanyama REBOUND (Off:2 Def:3)
https://videos.nba.com/nba/pbp/media/2023/11/02/0022300131/365/12a3e769-de55-c97b-4fef-db7f331b336f_1280x720.mp4,Wembanyama REBOUND (Off:2 Def:4)
https://videos.nba.com/nba/pbp/media/2023/11/02/0022300131/440/9dce7ae5-0753-1cd0-9d3c-4651afbd6292_1280x720.mp4,Wembanyama REBOUND (Off:2 Def:5)
https://videos.nba.com/nba/pbp/media/2023/11/02/0022300131/512/f0607152-2389-f198-1d8b-c65ee60573a9_1280x720.mp4,Wembanyama REBOUND (Off:2 Def:6)
https://videos.nba.com/nba/pbp/media/2023/11/02/0022300131/616/4d2c0b42-5894-586b-5861-c5a46290c256_1280x720.mp4,Wembanyama REBOUND (Off:2 Def:7)
https://videos.nba.com/nba/pbp/media/2023/11/02/0022300131/630/6a9619f3-8136-91b9-0454-6d1de1b4038a_1280x720.mp4,Wembanyama REBOUND (Off:2 Def:8)
https://videos.nba.com/nba/pbp/media/2023/10/31/0022300113/27/e6435f5c-404e-1304-d88f-3abd520fa11f_1280x720.mp4,Wembanyama REBOUND (Off:0 Def:1)
https://videos.nba.com/nba/pbp/media/2023/10/31/0022300113/48/8394ba4d-9736-1ee9-b6a1-2acaacae8f98_1280x720.mp4,Wembanyama REBOUND (Off:0 Def:2)
https://videos.nba.com/nba/pbp/media/2023/10/31/0022300113/150/3d28667d-fd35-481b-0cab-6a1197cc1750_1280x720.mp4,Wembanyama REBOUND (Off:0 Def:3)
https://videos.nba.com/nba/pbp/media/2023/10/31/0022300113/307/8c238c7a-eb80-3353-366d-537c0cfed9e1_1280x720.mp4,Wembanyama REBOUND (Off:0 Def:4)
https://videos.nba.com/nba/pbp/media/2023/10/31/0022300113/365/0ef2342b-6cf8-891d-4ba7-563a1d48c186_1280x720.mp4,Wembanyama REBOUND (Off:1 Def:4)
https://videos.nba.com/nba/pbp/media/2023/10/31/0022300113/416/6875df93-c86c-addd-bd1e-6f67575ac570_1280x720.mp4,Wembanyama REBOUND (Off:1 Def:5)
https://videos.nba.com/nba/pbp/media/2023/10/31/0022300113/551/475d263a-97a5-7da9-aae3-fe48ed7d46e0_1280x720.mp4,Wembanyama REBOUND (Off:2 Def:5)
https://videos.nba.com/nba/pbp/media/2023/10/31/0022300113/668/bb48efa8-b76b-e80d-99e7-d13afdacdeff_1280x720.mp4,Wembanyama REBOUND (Off:3 Def:5)
https://videos.nba.com/nba/pbp/media/2024/01/26/0022300641/12/eaefe4a8-3e88-54bb-b783-9a1db0d85d0b_1280x720.mp4,Wembanyama REBOUND (Off:2 Def:0)
https://videos.nba.com/nba/pbp/media/2024/01/26/0022300641/14/88e150c3-e7d8-16a8-92e7-7afddd5e4148_1280x720.mp4,Wembanyama REBOUND (Off:2 Def:0)
https://videos.nba.com/nba/pbp/media/2024/01/26/0022300641/40/418ff199-9bac-92a6-13c6-1ef8e10c35af_1280x720.mp4,Wembanyama REBOUND (Off:2 Def:1)
https://videos.nba.com/nba/pbp/media/2024/01/26/0022300641/186/3c5debaa-5853-458c-530f-f54007a6edf6_1280x720.mp4,Wembanyama REBOUND (Off:2 Def:2)
https://videos.nba.com/nba/pbp/media/2024/01/26/0022300641/228/328c3f3c-c708-fb39-e57e-3aa2c7a19d88_1280x720.mp4,Wembanyama REBOUND (Off:2 Def:3)
https://videos.nba.com/nba/pbp/media/2024/01/26/0022300641/245/5375cb38-a1dd-3514-913e-68bb22312d5f_1280x720.mp4,Wembanyama REBOUND (Off:2 Def:4)
https://videos.nba.com/nba/pbp/media/2024/01/26/0022300641/345/6139a6b5-e494-4cbb-c083-8e9749bd7c0d_1280x720.mp4,Wembanyama REBOUND (Off:2 Def:5)
https://videos.nba.com/nba/pbp/media/2024/01/26/0022300641/377/db5a3847-be5a-f729-68db-746d2cd5e486_1280x720.mp4,Wembanyama REBOUND (Off:2 Def:6)
https://videos.nba.com/nba/pbp/media/2024/01/26/0022300641/381/78b4f610-7e39-3976-fe78-757ed6c3c910_1280x720.mp4,Wembanyama REBOUND (Off:2 Def:7)
https://videos.nba.com/nba/pbp/media/2024/01/26/0022300641/547/c18193a7-5f56-3986-c678-32a407e5bdc2_1280x720.mp4,Wembanyama REBOUND (Off:2 Def:8)
https://videos.nba.com/nba/pbp/media/2024/01/26/0022300641/558/215bb18e-d78d-989d-58ed-50a6665baf95_1280x720.mp4,Wembanyama REBOUND (Off:3 Def:8)
https://videos.nba.com/nba/pbp/media/2024/01/26/0022300641/564/084fbe50-934e-97f0-ea83-8c2f9a900c2b_1280x720.mp4,Wembanyama REBOUND (Off:3 Def:9)
https://videos.nba.com/nba/pbp/media/2023/12/28/0022300427/69/e940bbaa-0a76-2a69-d2b3-3fd31dfc5d72_1280x720.mp4,Wembanyama REBOUND (Off:0 Def:1)
https://videos.nba.com/nba/pbp/media/2023/12/28/0022300427/170/be26f144-2498-67b8-f306-14681aa5f876_1280x720.mp4,Wembanyama REBOUND (Off:0 Def:2)
https://videos.nba.com/nba/pbp/media/2023/12/28/0022300427/238/12a78792-e577-b211-1be9-eb18700e5109_1280x720.mp4,Wembanyama REBOUND (Off:0 Def:3)
https://videos.nba.com/nba/pbp/media/2023/12/28/0022300427/345/8f1c3022-748f-8ab5-df82-5866f53353c6_1280x720.mp4,Wembanyama REBOUND (Off:0 Def:4)
https://videos.nba.com/nba/pbp/media/2023/12/28/0022300427/584/2fbc0db9-5f29-0aa2-89ee-80256180f01f_1280x720.mp4,Wembanyama REBOUND (Off:0 Def:5)
https://videos.nba.com/nba/pbp/media/2023/12/28/0022300427/597/d72bf398-4b1e-a520-9509-9da8378cf583_1280x720.mp4,Wembanyama REBOUND (Off:0 Def:6)
https://videos.nba.com/nba/pbp/media/2024/02/22/0022300803/10/a9871c02-44de-4cf0-36e6-0fa4f0bafdae_1280x720.mp4,Wembanyama REBOUND (Off:0 Def:1)
https://videos.nba.com/nba/pbp/media/2024/02/22/0022300803/13/36ef1f5b-3942-1422-14cf-f04f79c75dfb_1280x720.mp4,Wembanyama REBOUND (Off:1 Def:1)
https://videos.nba.com/nba/pbp/media/2024/02/22/0022300803/69/49a40bb7-cfeb-5c2f-fc42-b52113f55395_1280x720.mp4,Wembanyama REBOUND (Off:1 Def:2)
https://videos.nba.com/nba/pbp/media/2024/02/22/0022300803/146/2f4fe18a-9faa-2267-151f-882ec3d4762b_1280x720.mp4,Wembanyama REBOUND (Off:2 Def:2)
https://videos.nba.com/nba/pbp/media/2024/02/22/0022300803/153/9cb17147-aba8-67ba-6c61-e387c90bc0bf_1280x720.mp4,Wembanyama REBOUND (Off:2 Def:3)
https://videos.nba.com/nba/pbp/media/2024/02/22/0022300803/174/3a98a775-40c7-8588-0f56-991ace7a7de3_1280x720.mp4,Wembanyama REBOUND (Off:2 Def:4)
https://videos.nba.com/nba/pbp/media/2024/02/22/0022300803/177/9aeca092-0df7-2226-5bf9-bf1342b6702e_1280x720.mp4,Wembanyama REBOUND (Off:2 Def:5)
https://videos.nba.com/nba/pbp/media/2024/02/22/0022300803/323/e91d846f-88c1-2f38-1fb4-15eea719fa34_1280x720.mp4,Wembanyama REBOUND (Off:3 Def:5)
https://videos.nba.com/nba/pbp/media/2024/02/22/0022300803/378/c539ba2e-0cc0-b241-8083-00e0cd3631e6_1280x720.mp4,Wembanyama REBOUND (Off:3 Def:6)
https://videos.nba.com/nba/pbp/media/2024/02/22/0022300803/508/9e2130bd-7dfe-5882-da35-6e363eff097d_1280x720.mp4,Wembanyama REBOUND (Off:4 Def:6)
https://videos.nba.com/nba/pbp/media/2024/02/22/0022300803/510/e477d7cd-86a7-7f25-c1cc-794622de1311_1280x720.mp4,Wembanyama REBOUND (Off:5 Def:6)
https://videos.nba.com/nba/pbp/media/2024/02/22/0022300803/542/f287774e-129c-661c-1f3b-407dcf468a7d_1280x720.mp4,Wembanyama REBOUND (Off:5 Def:7)
https://videos.nba.com/nba/pbp/media/2024/02/22/0022300803/613/babd9972-d305-2a3c-f785-431b07dde1c9_1280x720.mp4,Wembanyama REBOUND (Off:5 Def:8)
https://videos.nba.com/nba/pbp/media/2023/11/17/0022300032/10/cac10e82-150b-6def-6591-9b761b2f7ec3_1280x720.mp4,Wembanyama REBOUND (Off:0 Def:1)
https://videos.nba.com/nba/pbp/media/2023/11/17/0022300032/12/ee0c534f-658f-d268-cc5a-3d6952f5dc7c_1280x720.mp4,Wembanyama REBOUND (Off:1 Def:1)
https://videos.nba.com/nba/pbp/media/2023/11/17/0022300032/15/6572dfb7-c212-9944-2ddd-f7695ba6e234_1280x720.mp4,Wembanyama REBOUND (Off:1 Def:2)
https://videos.nba.com/nba/pbp/media/2023/11/17/0022300032/540/bc87158b-01df-64ca-f6e0-0b08c4b53874_1280x720.mp4,Wembanyama REBOUND (Off:1 Def:3)
https://videos.nba.com/nba/pbp/media/2023/11/17/0022300032/549/d7e74dff-7396-1fb2-8dce-9a8bde747279_1280x720.mp4,Wembanyama REBOUND (Off:1 Def:4)
https://videos.nba.com/nba/pbp/media/2023/11/17/0022300032/565/9ce49ba5-53ec-b086-bfc5-d44f5e15f73e_1280x720.mp4,Wembanyama REBOUND (Off:1 Def:5)
https://videos.nba.com/nba/pbp/media/2023/11/17/0022300032/574/b5f1bd9e-3e6e-f7d5-d7cb-575f1567035f_1280x720.mp4,Wembanyama REBOUND (Off:1 Def:6)
https://videos.nba.com/nba/pbp/media/2023/11/17/0022300032/673/500adb64-2598-fb5c-f39a-7df3f17d882f_1280x720.mp4,Wembanyama REBOUND (Off:1 Def:7)
https://videos.nba.com/nba/pbp/media/2023/11/17/0022300032/697/1ac9a8f9-3c7a-acef-3239-8dc638560424_1280x720.mp4,Wembanyama REBOUND (Off:1 Def:8)
https://videos.nba.com/nba/pbp/media/2024/03/22/0022301015/34/e1e0ceb0-9ab5-2fbe-8a40-384665826361_1280x720.mp4,Wembanyama REBOUND (Off:0 Def:1)
https://videos.nba.com/nba/pbp/media/2024/03/22/0022301015/47/39bef77e-4d8a-9b16-296e-3e7430de4c77_1280x720.mp4,Wembanyama REBOUND (Off:0 Def:2)
https://videos.nba.com/nba/pbp/media/2024/03/22/0022301015/207/030463f6-6060-96c2-0b67-860b9b59a5e1_1280x720.mp4,Wembanyama REBOUND (Off:0 Def:3)
https://videos.nba.com/nba/pbp/media/2024/03/22/0022301015/225/c3324b7f-8f77-1f18-b8fe-a6683e07daa5_1280x720.mp4,Wembanyama REBOUND (Off:0 Def:4)
https://videos.nba.com/nba/pbp/media/2024/03/22/0022301015/323/7eb847a2-7049-08d2-fc9c-5f08d2734f1f_1280x720.mp4,Wembanyama REBOUND (Off:1 Def:4)
https://videos.nba.com/nba/pbp/media/2024/03/22/0022301015/351/ac1f4351-05e7-8420-d319-1b3c2e1ab9ed_1280x720.mp4,Wembanyama REBOUND (Off:2 Def:4)
https://videos.nba.com/nba/pbp/media/2024/03/22/0022301015/376/6ec26d01-40b9-d35e-e0fc-bdf23482b61c_1280x720.mp4,Wembanyama REBOUND (Off:3 Def:4)
https://videos.nba.com/nba/pbp/media/2024/03/22/0022301015/379/b1aab26a-30d5-30ea-00eb-674d26eefa94_1280x720.mp4,Wembanyama REBOUND (Off:3 Def:5)
https://videos.nba.com/nba/pbp/media/2024/03/22/0022301015/386/2c4c9553-973c-0194-67e7-be2ca4b4a411_1280x720.mp4,Wembanyama REBOUND (Off:3 Def:6)
https://videos.nba.com/nba/pbp/media/2024/03/22/0022301015/409/32e1dc33-f14b-f3b4-4495-d37dd1fcf772_1280x720.mp4,Wembanyama REBOUND (Off:4 Def:6)
https://videos.nba.com/nba/pbp/media/2024/03/22/0022301015/485/187d6323-2636-bacf-c5e5-ea9bf5a53c56_1280x720.mp4,Wembanyama REBOUND (Off:4 Def:7)
https://videos.nba.com/nba/pbp/media/2024/03/22/0022301015/503/c075557b-2101-294b-0d18-24016e5996f5_1280x720.mp4,Wembanyama REBOUND (Off:4 Def:8)
https://videos.nba.com/nba/pbp/media/2024/03/22/0022301015/521/5161343c-653e-1830-8a1f-a8be4da4093f_1280x720.mp4,Wembanyama REBOUND (Off:4 Def:9)
https://videos.nba.com/nba/pbp/media/2024/03/22/0022301015/528/89b557fa-8518-6297-8c91-e822933e890c_1280x720.mp4,Wembanyama REBOUND (Off:4 Def:10)
https://videos.nba.com/nba/pbp/media/2024/03/22/0022301015/540/86e0e13f-edf3-9bf0-fbcc-91a83d6706a9_1280x720.mp4,Wembanyama REBOUND (Off:4 Def:11)
https://videos.nba.com/nba/pbp/media/2024/03/22/0022301015/688/57872de6-d7de-1e5a-2d29-65f66697633a_1280x720.mp4,Wembanyama REBOUND (Off:5 Def:11)
https://videos.nba.com/nba/pbp/media/2024/02/29/0022300853/46/41578547-c362-5d97-5b70-ba9259e23d3a_1280x720.mp4,Wembanyama REBOUND (Off:0 Def:1)
https://videos.nba.com/nba/pbp/media/2024/02/29/0022300853/57/a629488c-4441-2cb3-eed0-54729273ddca_1280x720.mp4,Wembanyama REBOUND (Off:0 Def:2)
https://videos.nba.com/nba/pbp/media/2024/02/29/0022300853/85/35f5bd71-a49e-086e-f41f-567131a29d9a_1280x720.mp4,Wembanyama REBOUND (Off:0 Def:3)
https://videos.nba.com/nba/pbp/media/2024/02/29/0022300853/187/2667d7f5-5494-1d47-9d53-1448ff249783_1280x720.mp4,Wembanyama REBOUND (Off:1 Def:3)
https://videos.nba.com/nba/pbp/media/2024/02/29/0022300853/191/3488d2a9-32a5-76b0-de45-7be186611d31_1280x720.mp4,Wembanyama REBOUND (Off:1 Def:4)
https://videos.nba.com/nba/pbp/media/2024/02/29/0022300853/229/01ccff43-5017-94e0-b72d-3641ee632b34_1280x720.mp4,Wembanyama REBOUND (Off:1 Def:5)
https://videos.nba.com/nba/pbp/media/2024/02/29/0022300853/296/be997131-1d21-900b-f104-207a92721584_1280x720.mp4,Wembanyama REBOUND (Off:2 Def:5)
https://videos.nba.com/nba/pbp/media/2024/02/29/0022300853/397/f4c8f886-feba-2b66-3347-6356e2211a10_1280x720.mp4,Wembanyama REBOUND (Off:2 Def:6)
https://videos.nba.com/nba/pbp/media/2024/02/29/0022300853/399/ab95fc62-5d11-ce7c-4bfc-ff6fc7b5df8c_1280x720.mp4,Wembanyama REBOUND (Off:3 Def:6)
https://videos.nba.com/nba/pbp/media/2024/02/29/0022300853/403/8fa79fb7-b0d3-8cff-41b3-70f4d4738350_1280x720.mp4,Wembanyama REBOUND (Off:3 Def:7)
https://videos.nba.com/nba/pbp/media/2024/02/29/0022300853/624/e0ab8f2d-accd-745e-727b-7744f8bdac27_1280x720.mp4,Wembanyama REBOUND (Off:3 Def:8)
https://videos.nba.com/nba/pbp/media/2024/02/29/0022300853/637/c40d4ce1-971c-7332-4973-13b8c25c9bff_1280x720.mp4,Wembanyama REBOUND (Off:3 Def:9)
https://videos.nba.com/nba/pbp/media/2024/02/29/0022300853/660/f05b9609-8ec1-af5f-7598-1ec8a8f365be_1280x720.mp4,Wembanyama REBOUND (Off:3 Def:10)
https://videos.nba.com/nba/pbp/media/2024/02/25/0022300825/34/99aaebd4-34c8-7a1f-c6dc-ada6a63a4a1e_1280x720.mp4,Wembanyama REBOUND (Off:0 Def:1)
https://videos.nba.com/nba/pbp/media/2024/02/25/0022300825/61/c6d332b5-2b1b-303a-c6ab-95335bcd784f_1280x720.mp4,Wembanyama REBOUND (Off:0 Def:2)
https://videos.nba.com/nba/pbp/media/2024/02/25/0022300825/66/b04bb8c6-257b-6e03-8ee8-bae4f201fb32_1280x720.mp4,Wembanyama REBOUND (Off:0 Def:3)
https://videos.nba.com/nba/pbp/media/2024/02/25/0022300825/276/c8076533-5669-73db-e775-1aafc1b07c56_1280x720.mp4,Wembanyama REBOUND (Off:0 Def:4)
https://videos.nba.com/nba/pbp/media/2024/02/25/0022300825/378/176d5ca1-b129-f5a2-bb83-b73cf73f4456_1280x720.mp4,Wembanyama REBOUND (Off:2 Def:4)
https://videos.nba.com/nba/pbp/media/2024/02/25/0022300825/380/fa8e6a81-368e-3de5-5d0b-8f83aad4423a_1280x720.mp4,Wembanyama REBOUND (Off:2 Def:4)
https://videos.nba.com/nba/pbp/media/2024/02/25/0022300825/388/33d5276e-9c51-8acb-65a3-04d93bf73d53_1280x720.mp4,Wembanyama REBOUND (Off:2 Def:5)
https://videos.nba.com/nba/pbp/media/2024/02/25/0022300825/392/1fbdd54e-6aa7-b544-f3d3-f87a103b65d3_1280x720.mp4,Wembanyama REBOUND (Off:2 Def:6)
https://videos.nba.com/nba/pbp/media/2024/02/25/0022300825/558/9028e1e1-2830-c2c0-17f9-b5b6c45cf5dd_1280x720.mp4,Wembanyama REBOUND (Off:2 Def:7)
https://videos.nba.com/nba/pbp/media/2024/02/25/0022300825/587/b154f3c2-8ed6-39d3-9361-8603435ef270_1280x720.mp4,Wembanyama REBOUND (Off:2 Def:8)
https://videos.nba.com/nba/pbp/media/2024/02/12/0022300764/13/6dc759a9-38e1-1177-3e8b-85c92d57a847_1280x720.mp4,Wembanyama REBOUND (Off:0 Def:1)
https://videos.nba.com/nba/pbp/media/2024/02/12/0022300764/60/e3a30eb1-4e04-68e9-4175-ca7b3b6a990d_1280x720.mp4,Wembanyama REBOUND (Off:0 Def:2)
https://videos.nba.com/nba/pbp/media/2024/02/12/0022300764/64/56a8cb2b-017b-da15-e7cd-8f994f180e0a_1280x720.mp4,Wembanyama REBOUND (Off:0 Def:3)
https://videos.nba.com/nba/pbp/media/2024/02/12/0022300764/72/68294209-5e04-cd50-5214-5b3cef71ca21_1280x720.mp4,Wembanyama REBOUND (Off:1 Def:3)
https://videos.nba.com/nba/pbp/media/2024/02/12/0022300764/251/85b67836-73a7-3f5c-7b58-55704e295da5_1280x720.mp4,Wembanyama REBOUND (Off:1 Def:4)
https://videos.nba.com/nba/pbp/media/2024/02/12/0022300764/326/2bb8dfa0-1096-898f-3648-2da437789dda_1280x720.mp4,Wembanyama REBOUND (Off:1 Def:5)
https://videos.nba.com/nba/pbp/media/2024/02/12/0022300764/355/b183deb9-eb7e-3d95-b4ec-0e19c62183ee_1280x720.mp4,Wembanyama REBOUND (Off:1 Def:6)
https://videos.nba.com/nba/pbp/media/2024/02/12/0022300764/375/fb9c8163-6249-13df-52cd-b7b52371f36e_1280x720.mp4,Wembanyama REBOUND (Off:1 Def:7)
https://videos.nba.com/nba/pbp/media/2024/02/12/0022300764/400/2151ee38-1e5f-6bc7-2bea-c8f02f5972c0_1280x720.mp4,Wembanyama REBOUND (Off:1 Def:8)
https://videos.nba.com/nba/pbp/media/2024/02/12/0022300764/471/b2a327bf-3710-b079-fd22-83d08571d620_1280x720.mp4,Wembanyama REBOUND (Off:1 Def:9)
https://videos.nba.com/nba/pbp/media/2024/02/12/0022300764/479/63163b00-fef9-84d9-455a-ba93e63c7e76_1280x720.mp4,Wembanyama REBOUND (Off:1 Def:10)
,Wembanyama REBOUND (Off:1 Def:11)
https://videos.nba.com/nba/pbp/media/2024/02/12/0022300764/545/3fccbef7-e09b-3ac0-d944-217232292c87_1280x720.mp4,Wembanyama REBOUND (Off:2 Def:11)
https://videos.nba.com/nba/pbp/media/2024/02/12/0022300764/548/ccb51c80-fdcb-809c-8abb-994feba39b77_1280x720.mp4,Wembanyama REBOUND (Off:2 Def:12)
https://videos.nba.com/nba/pbp/media/2024/01/29/0022300665/8/4173aaeb-14f9-6ca5-446c-0611b333e559_1280x720.mp4,Wembanyama REBOUND (Off:0 Def:1)
https://videos.nba.com/nba/pbp/media/2024/01/29/0022300665/56/2e1d3ad1-ebab-41dc-c676-4f5406474bca_1280x720.mp4,Wembanyama REBOUND (Off:0 Def:2)
https://videos.nba.com/nba/pbp/media/2024/01/29/0022300665/231/96e69a13-a686-6a49-c851-d7320663acf6_1280x720.mp4,Wembanyama REBOUND (Off:1 Def:2)
https://videos.nba.com/nba/pbp/media/2024/01/29/0022300665/275/4d1dae2d-5838-0ba6-eec6-1801a3e1c18b_1280x720.mp4,Wembanyama REBOUND (Off:1 Def:3)
https://videos.nba.com/nba/pbp/media/2024/01/29/0022300665/371/66bd0189-e520-6377-6ecf-9f581122b5aa_1280x720.mp4,Wembanyama REBOUND (Off:1 Def:4)
https://videos.nba.com/nba/pbp/media/2024/01/29/0022300665/398/8db2f960-a440-99b2-dd91-2e72f5920514_1280x720.mp4,Wembanyama REBOUND (Off:1 Def:5)
https://videos.nba.com/nba/pbp/media/2024/01/29/0022300665/455/81d3847f-bece-774f-ed11-bf960632bf3e_1280x720.mp4,Wembanyama REBOUND (Off:1 Def:6)
https://videos.nba.com/nba/pbp/media/2024/01/29/0022300665/563/d51f4b3e-78d2-7c35-c17a-0c72d0cc6888_1280x720.mp4,Wembanyama REBOUND (Off:1 Def:7)
https://videos.nba.com/nba/pbp/media/2024/01/29/0022300665/577/504155dd-41e1-9984-81ac-30cea4726213_1280x720.mp4,Wembanyama REBOUND (Off:2 Def:7)
https://videos.nba.com/nba/pbp/media/2024/01/29/0022300665/594/137baf3e-dc31-abc7-3028-b782d8c3169c_1280x720.mp4,Wembanyama REBOUND (Off:2 Def:8)
https://videos.nba.com/nba/pbp/media/2024/01/29/0022300665/676/28456763-f386-7f94-49ff-7a31965ffcef_1280x720.mp4,Wembanyama REBOUND (Off:3 Def:8)
https://videos.nba.com/nba/pbp/media/2024/01/24/0022300622/67/dd274fef-2119-84a5-ced6-6c290d687da1_1280x720.mp4,Wembanyama REBOUND (Off:0 Def:1)
https://videos.nba.com/nba/pbp/media/2024/01/24/0022300622/253/519115c2-9f13-85b0-2d73-d6918d3f4ce7_1280x720.mp4,Wembanyama REBOUND (Off:0 Def:2)
https://videos.nba.com/nba/pbp/media/2024/01/24/0022300622/255/26f9c9d7-3628-41b6-9ffe-c49fe70a12b6_1280x720.mp4,Wembanyama REBOUND (Off:1 Def:2)
https://videos.nba.com/nba/pbp/media/2024/01/24/0022300622/257/84e2ee0d-8ac7-8542-ac5f-3ba866316ae1_1280x720.mp4,Wembanyama REBOUND (Off:2 Def:2)
https://videos.nba.com/nba/pbp/media/2024/01/24/0022300622/351/5c2a417b-13a0-05a1-cad8-32db107c1317_1280x720.mp4,Wembanyama REBOUND (Off:3 Def:2)
https://videos.nba.com/nba/pbp/media/2024/01/24/0022300622/396/29290cdb-1880-0bd3-9944-acb6a8bfdcfd_1280x720.mp4,Wembanyama REBOUND (Off:3 Def:3)
https://videos.nba.com/nba/pbp/media/2024/01/24/0022300622/403/0e210095-494d-fca0-143f-81c86dd60b6b_1280x720.mp4,Wembanyama REBOUND (Off:3 Def:4)
https://videos.nba.com/nba/pbp/media/2024/01/24/0022300622/418/dd3e8f0e-c891-c9bc-2dae-d25de94d60c3_1280x720.mp4,Wembanyama REBOUND (Off:3 Def:5)
https://videos.nba.com/nba/pbp/media/2024/01/24/0022300622/425/3f6b2828-6922-f019-557d-448bfc77de42_1280x720.mp4,Wembanyama REBOUND (Off:4 Def:5)
https://videos.nba.com/nba/pbp/media/2024/01/24/0022300622/598/a6739b57-c7f7-1827-bf1f-488d75afffd8_1280x720.mp4,Wembanyama REBOUND (Off:5 Def:5)
https://videos.nba.com/nba/pbp/media/2024/01/24/0022300622/450/dd00c6b3-6f0b-c6c2-b34e-4b5166a331c6_1280x720.mp4,Wembanyama REBOUND (Off:5 Def:6)
https://videos.nba.com/nba/pbp/media/2024/01/24/0022300622/567/5a0433a6-ed18-98a0-2df1-7fd1c56579a9_1280x720.mp4,Wembanyama REBOUND (Off:6 Def:6)
https://videos.nba.com/nba/pbp/media/2024/01/20/0022300594/51/3735b1af-634f-37f3-4a42-2daf50fd2a6e_1280x720.mp4,Wembanyama REBOUND (Off:0 Def:1)
https://videos.nba.com/nba/pbp/media/2024/01/20/0022300594/69/2da76948-859b-9fb5-b08e-ce5220460429_1280x720.mp4,Wembanyama REBOUND (Off:0 Def:2)
https://videos.nba.com/nba/pbp/media/2024/01/20/0022300594/373/7682ebcb-809d-b6a9-cf2d-cfd10fc5aa74_1280x720.mp4,Wembanyama REBOUND (Off:0 Def:3)
https://videos.nba.com/nba/pbp/media/2024/01/20/0022300594/524/265378be-a13d-cc6c-0780-6ec3ade3ac2e_1280x720.mp4,Wembanyama REBOUND (Off:0 Def:4)
https://videos.nba.com/nba/pbp/media/2024/01/20/0022300594/563/c1b84f60-d9a6-4ec6-33cd-278cc1d7de75_1280x720.mp4,Wembanyama REBOUND (Off:1 Def:4)
https://videos.nba.com/nba/pbp/media/2024/01/20/0022300594/644/4aadba6b-8556-f962-10c8-b10b2b641b9a_1280x720.mp4,Wembanyama REBOUND (Off:1 Def:5)
https://videos.nba.com/nba/pbp/media/2024/01/20/0022300594/658/5a1585cd-8e1d-9a52-39c3-b7a465f1a14b_1280x720.mp4,Wembanyama REBOUND (Off:1 Def:6)
https://videos.nba.com/nba/pbp/media/2024/01/20/0022300594/708/7039d78a-2323-b20d-fd0a-8b1503e96b9c_1280x720.mp4,Wembanyama REBOUND (Off:1 Def:7)
https://videos.nba.com/nba/pbp/media/2024/01/12/0022300541/24/a2490e0e-85c1-d329-e4b7-005eccc778c6_1280x720.mp4,Wembanyama REBOUND (Off:0 Def:1)
https://videos.nba.com/nba/pbp/media/2024/01/12/0022300541/36/ee0ba171-23eb-c51e-3305-f18ea556a195_1280x720.mp4,Wembanyama REBOUND (Off:0 Def:2)
https://videos.nba.com/nba/pbp/media/2024/01/12/0022300541/40/73393cc9-3c6b-2326-0d77-610ae142f90a_1280x720.mp4,Wembanyama REBOUND (Off:0 Def:3)
https://videos.nba.com/nba/pbp/media/2024/01/12/0022300541/222/fe611096-e898-c40a-d266-d76e1d443a21_1280x720.mp4,Wembanyama REBOUND (Off:0 Def:4)
https://videos.nba.com/nba/pbp/media/2024/01/12/0022300541/240/b6d0c25d-298e-c044-5d9b-aa08fac41a1f_1280x720.mp4,Wembanyama REBOUND (Off:0 Def:5)
https://videos.nba.com/nba/pbp/media/2024/01/12/0022300541/242/6902a77d-32dc-fc24-d161-eaa427f51847_1280x720.mp4,Wembanyama REBOUND (Off:1 Def:5)
https://videos.nba.com/nba/pbp/media/2024/01/12/0022300541/244/43cc4912-d316-d1b7-5998-686b7423c43d_1280x720.mp4,Wembanyama REBOUND (Off:2 Def:5)
https://videos.nba.com/nba/pbp/media/2024/01/12/0022300541/268/abd5f8b7-72ea-3abb-b9bc-c57b2bd64f50_1280x720.mp4,Wembanyama REBOUND (Off:2 Def:6)
https://videos.nba.com/nba/pbp/media/2024/01/12/0022300541/416/429cc132-3a77-2b20-8a9f-f3704982c607_1280x720.mp4,Wembanyama REBOUND (Off:3 Def:6)
https://videos.nba.com/nba/pbp/media/2024/01/12/0022300541/518/180485af-e1e2-659b-d76a-f6f3efa80aff_1280x720.mp4,Wembanyama REBOUND (Off:3 Def:7)
https://videos.nba.com/nba/pbp/media/2024/01/12/0022300541/544/0f7d4caa-be1b-08b1-9b42-797dfd68cb4d_1280x720.mp4,Wembanyama REBOUND (Off:3 Def:8)
https://videos.nba.com/nba/pbp/media/2024/01/10/0022300519/10/75442589-65d8-7500-f362-c7306897ace1_1280x720.mp4,Wembanyama REBOUND (Off:0 Def:1)
https://videos.nba.com/nba/pbp/media/2024/01/10/0022300519/50/0cd24aff-d80c-74fc-4748-5d7171e67c8c_1280x720.mp4,Wembanyama REBOUND (Off:0 Def:2)
https://videos.nba.com/nba/pbp/media/2024/01/10/0022300519/54/814a1360-9ed5-c3ae-e862-2bacbd20b60a_1280x720.mp4,Wembanyama REBOUND (Off:0 Def:3)
https://videos.nba.com/nba/pbp/media/2024/01/10/0022300519/56/4b967696-1690-887c-7acd-fc6191f5d78c_1280x720.mp4,Wembanyama REBOUND (Off:1 Def:3)
https://videos.nba.com/nba/pbp/media/2024/01/10/0022300519/61/ca3db138-f95a-2496-2fc5-46815922f767_1280x720.mp4,Wembanyama REBOUND (Off:1 Def:4)
https://videos.nba.com/nba/pbp/media/2024/01/10/0022300519/167/c10076cd-4c30-cc53-4ff1-f4fb66d3517c_1280x720.mp4,Wembanyama REBOUND (Off:1 Def:5)
https://videos.nba.com/nba/pbp/media/2024/01/10/0022300519/188/fdf11b4c-5096-049f-58f5-e85b0448fc47_1280x720.mp4,Wembanyama REBOUND (Off:1 Def:6)
https://videos.nba.com/nba/pbp/media/2024/01/10/0022300519/236/d3da290f-ff65-4439-c036-ac9b62251f07_1280x720.mp4,Wembanyama REBOUND (Off:1 Def:7)
https://videos.nba.com/nba/pbp/media/2024/01/10/0022300519/238/d38af3bc-5969-e369-5ad4-e55fe43538bc_1280x720.mp4,Wembanyama REBOUND (Off:2 Def:7)
https://videos.nba.com/nba/pbp/media/2024/01/10/0022300519/347/8601d36c-9ba9-2802-cc0c-0b45b5bcae7f_1280x720.mp4,Wembanyama REBOUND (Off:2 Def:8)
https://videos.nba.com/nba/pbp/media/2024/01/10/0022300519/368/889c677a-0c69-0890-aa34-030ab1c663eb_1280x720.mp4,Wembanyama REBOUND (Off:2 Def:9)
https://videos.nba.com/nba/pbp/media/2024/01/10/0022300519/385/c45aaf0f-9f52-e131-6f81-e6900e21c81f_1280x720.mp4,Wembanyama REBOUND (Off:3 Def:9)
https://videos.nba.com/nba/pbp/media/2024/01/02/0022300460/29/d48d7a8c-2434-ad7c-c4b1-e8fc046a9f4d_1280x720.mp4,Wembanyama REBOUND (Off:0 Def:1)
https://videos.nba.com/nba/pbp/media/2024/01/02/0022300460/56/ae363618-5382-69e6-0c51-91532919e6ae_1280x720.mp4,Wembanyama REBOUND (Off:0 Def:2)
https://videos.nba.com/nba/pbp/media/2024/01/02/0022300460/201/a873a863-d85b-052d-7603-6a3b67cd1704_1280x720.mp4,Wembanyama REBOUND (Off:0 Def:3)
https://videos.nba.com/nba/pbp/media/2024/01/02/0022300460/205/14e6335e-e5ab-385a-c477-8fb5d3952e34_1280x720.mp4,Wembanyama REBOUND (Off:0 Def:4)
https://videos.nba.com/nba/pbp/media/2024/01/02/0022300460/225/b45a6ba6-063f-98fe-8782-4b9a3d9aed29_1280x720.mp4,Wembanyama REBOUND (Off:0 Def:5)
https://videos.nba.com/nba/pbp/media/2024/01/02/0022300460/385/75f3d298-9b8d-786b-fa84-7615eca35588_1280x720.mp4,Wembanyama REBOUND (Off:0 Def:6)
https://videos.nba.com/nba/pbp/media/2024/01/02/0022300460/613/f97f9461-cfbc-66b2-c3f0-0eaf0f167bc9_1280x720.mp4,Wembanyama REBOUND (Off:0 Def:7)
https://videos.nba.com/nba/pbp/media/2023/12/26/0022300412/26/8a49ac12-73c9-dec5-75c0-41673601f235_1280x720.mp4,Wembanyama REBOUND (Off:0 Def:1)
https://videos.nba.com/nba/pbp/media/2023/12/26/0022300412/41/c861db68-d72a-d270-350a-34215718281d_1280x720.mp4,Wembanyama REBOUND (Off:0 Def:2)
https://videos.nba.com/nba/pbp/media/2023/12/26/0022300412/206/acca2e81-b103-8581-3c6e-09fdea650cc8_1280x720.mp4,Wembanyama REBOUND (Off:1 Def:2)
https://videos.nba.com/nba/pbp/media/2023/12/26/0022300412/404/5bb6eb03-bc8f-6990-fd2b-7810aab8ca5a_1280x720.mp4,Wembanyama REBOUND (Off:2 Def:2)
https://videos.nba.com/nba/pbp/media/2023/12/26/0022300412/549/7493959a-958e-0375-f9a6-9d1bdd5c348d_1280x720.mp4,Wembanyama REBOUND (Off:2 Def:3)
https://videos.nba.com/nba/pbp/media/2023/12/26/0022300412/569/a5a7eb81-63e3-cc32-bcf2-a7085c64e1cb_1280x720.mp4,Wembanyama REBOUND (Off:2 Def:4)
https://videos.nba.com/nba/pbp/media/2023/12/26/0022300412/648/887cacb3-bd55-2784-00ff-fb6a327b69ef_1280x720.mp4,Wembanyama REBOUND (Off:2 Def:5)
https://videos.nba.com/nba/pbp/media/2023/11/18/0022300206/48/e55d95b4-c32e-f22a-708d-d645b6c0552c_1280x720.mp4,Wembanyama REBOUND (Off:0 Def:1)
https://videos.nba.com/nba/pbp/media/2023/11/18/0022300206/156/5810ed14-256a-7e4f-d18a-d0974b1909be_1280x720.mp4,Wembanyama REBOUND (Off:1 Def:1)
https://videos.nba.com/nba/pbp/media/2023/11/18/0022300206/190/ef1b55ea-8114-3d64-aa67-11d18fffcb98_1280x720.mp4,Wembanyama REBOUND (Off:1 Def:2)
https://videos.nba.com/nba/pbp/media/2023/11/18/0022300206/327/26d49c02-6263-f84e-cd74-8dedb237be8f_1280x720.mp4,Wembanyama REBOUND (Off:1 Def:3)
https://videos.nba.com/nba/pbp/media/2023/11/18/0022300206/363/e11ccba6-d3a5-dd5c-d73a-303cee162a5e_1280x720.mp4,Wembanyama REBOUND (Off:1 Def:4)
https://videos.nba.com/nba/pbp/media/2023/11/18/0022300206/411/2660e27d-ac27-f750-3804-21d411bfda2b_1280x720.mp4,Wembanyama REBOUND (Off:2 Def:4)
https://videos.nba.com/nba/pbp/media/2023/11/18/0022300206/419/0874b3ca-11d3-fd08-2470-fa11dd5a6dfd_1280x720.mp4,Wembanyama REBOUND (Off:2 Def:5)
https://videos.nba.com/nba/pbp/media/2023/11/18/0022300206/555/d125bc6b-f73b-3170-1b55-dba894a01614_1280x720.mp4,Wembanyama REBOUND (Off:2 Def:6)
https://videos.nba.com/nba/pbp/media/2023/11/18/0022300206/619/9da481e1-e7a7-ac97-dffe-8523c430245e_1280x720.mp4,Wembanyama REBOUND (Off:3 Def:6)
https://videos.nba.com/nba/pbp/media/2023/11/18/0022300206/637/8b4af3ae-51f8-2d64-b9c9-f5095eac0246_1280x720.mp4,Wembanyama REBOUND (Off:3 Def:7)
https://videos.nba.com/nba/pbp/media/2023/11/18/0022300206/659/1489a3ff-e27a-f8c9-1bc4-1aa067048247_1280x720.mp4,Wembanyama REBOUND (Off:3 Def:8)
https://videos.nba.com/nba/pbp/media/2023/11/18/0022300206/696/9b28e034-7c99-3b96-9cc3-ffa377fe998d_1280x720.mp4,Wembanyama REBOUND (Off:3 Def:9)
https://videos.nba.com/nba/pbp/media/2023/11/18/0022300206/698/52f26501-1e33-bcb8-5444-ef130b4187af_1280x720.mp4,Wembanyama REBOUND (Off:4 Def:9)
https://videos.nba.com/nba/pbp/media/2023/11/14/0022300021/12/5bf8d391-cd84-469f-3cd5-4ea1e52b25cd_1280x720.mp4,Wembanyama REBOUND (Off:0 Def:1)
https://videos.nba.com/nba/pbp/media/2023/11/14/0022300021/23/e4aea2fd-1c8d-213e-cb9b-225f4c4bce81_1280x720.mp4,Wembanyama REBOUND (Off:0 Def:2)
https://videos.nba.com/nba/pbp/media/2023/11/14/0022300021/33/e9e4cafa-d245-6c23-fcd8-f1de19912cde_1280x720.mp4,Wembanyama REBOUND (Off:0 Def:3)
https://videos.nba.com/nba/pbp/media/2023/11/14/0022300021/47/0de300af-72ce-16c8-a1b1-facf030adda3_1280x720.mp4,Wembanyama REBOUND (Off:0 Def:4)
https://videos.nba.com/nba/pbp/media/2023/11/14/0022300021/53/3047876c-a73a-ae9d-0c5d-11c5553fc98a_1280x720.mp4,Wembanyama REBOUND (Off:1 Def:4)
https://videos.nba.com/nba/pbp/media/2023/11/14/0022300021/55/e7ad304e-0f6e-9822-e81a-2af23dfdcf88_1280x720.mp4,Wembanyama REBOUND (Off:2 Def:4)
https://videos.nba.com/nba/pbp/media/2023/11/14/0022300021/274/7ad04bde-8716-d488-95b4-bdbe5a466e74_1280x720.mp4,Wembanyama REBOUND (Off:2 Def:5)
https://videos.nba.com/nba/pbp/media/2023/11/14/0022300021/282/57e0d8df-16a2-c595-0479-de1ee411a01c_1280x720.mp4,Wembanyama REBOUND (Off:2 Def:6)
https://videos.nba.com/nba/pbp/media/2023/11/14/0022300021/371/ccc00323-cb35-1273-dcf7-b84716124970_1280x720.mp4,Wembanyama REBOUND (Off:2 Def:7)
https://videos.nba.com/nba/pbp/media/2023/11/14/0022300021/395/c18a1d6c-2439-7984-c1dc-4e684207eb65_1280x720.mp4,Wembanyama REBOUND (Off:2 Def:8)
https://videos.nba.com/nba/pbp/media/2023/11/14/0022300021/440/c268054a-cfbc-ea8c-de33-d0806631a173_1280x720.mp4,Wembanyama REBOUND (Off:3 Def:8)
https://videos.nba.com/nba/pbp/media/2023/11/14/0022300021/601/c39fc2bc-4761-0f50-fcde-c116fa824a83_1280x720.mp4,Wembanyama REBOUND (Off:3 Def:9)
https://videos.nba.com/nba/pbp/media/2023/11/14/0022300021/633/d54ca40a-3606-3a4d-653a-df7170da0e32_1280x720.mp4,Wembanyama REBOUND (Off:3 Def:10)
https://videos.nba.com/nba/pbp/media/2023/11/14/0022300021/645/5241678f-6a3d-9726-0f36-684430fc05bc_1280x720.mp4,Wembanyama REBOUND (Off:3 Def:11)
https://videos.nba.com/nba/pbp/media/2023/11/05/0022300141/18/1099dd0e-9d3a-3034-050c-c8fed23ef8b9_1280x720.mp4,Wembanyama REBOUND (Off:0 Def:1)
https://videos.nba.com/nba/pbp/media/2023/11/05/0022300141/123/0f1ff33a-81d5-2a63-1c87-35ecd5448121_1280x720.mp4,Wembanyama REBOUND (Off:1 Def:1)
https://videos.nba.com/nba/pbp/media/2023/11/05/0022300141/139/c73ae724-d429-5479-8515-65fba5bace7a_1280x720.mp4,Wembanyama REBOUND (Off:1 Def:2)
https://videos.nba.com/nba/pbp/media/2023/11/05/0022300141/149/94fda52e-2907-7ca2-1ce6-ae38ce903caa_1280x720.mp4,Wembanyama REBOUND (Off:1 Def:3)
https://videos.nba.com/nba/pbp/media/2023/11/05/0022300141/176/9886bd1d-300c-0154-81b7-e59f867025a1_1280x720.mp4,Wembanyama REBOUND (Off:1 Def:4)
https://videos.nba.com/nba/pbp/media/2023/11/05/0022300141/181/f34883e3-8141-21a2-0431-9a8b0d17d4de_1280x720.mp4,Wembanyama REBOUND (Off:1 Def:5)
https://videos.nba.com/nba/pbp/media/2023/11/05/0022300141/381/be4a7f26-7320-7244-6301-74f28a6ca7bf_1280x720.mp4,Wembanyama REBOUND (Off:1 Def:6)
https://videos.nba.com/nba/pbp/media/2023/11/05/0022300141/456/bec21c79-711f-132b-a1df-82b7ea13c4a6_1280x720.mp4,Wembanyama REBOUND (Off:1 Def:7)
https://videos.nba.com/nba/pbp/media/2023/11/05/0022300141/649/f238551b-f833-d224-1070-81993901c6a0_1280x720.mp4,Wembanyama REBOUND (Off:2 Def:7)
https://videos.nba.com/nba/pbp/media/2024/03/27/0022301058/8/2d94adfc-7b3a-720c-bb37-9c3d772727f5_1280x720.mp4,Wembanyama REBOUND (Off:1 Def:0)
https://videos.nba.com/nba/pbp/media/2024/03/27/0022301058/20/4fec8bf1-92e4-d3ac-72fc-47dbe6853ab7_1280x720.mp4,Wembanyama REBOUND (Off:2 Def:0)
https://videos.nba.com/nba/pbp/media/2024/03/27/0022301058/180/f829d627-2d80-826e-70d1-62a5f843fcec_1280x720.mp4,Wembanyama REBOUND (Off:2 Def:1)
https://videos.nba.com/nba/pbp/media/2024/03/27/0022301058/196/6559714c-dea6-3120-3f1f-5a35f4dc76a5_1280x720.mp4,Wembanyama REBOUND (Off:2 Def:2)
https://videos.nba.com/nba/pbp/media/2024/03/27/0022301058/200/c20e851a-8322-c473-b618-930557b2b8a3_1280x720.mp4,Wembanyama REBOUND (Off:2 Def:3)
https://videos.nba.com/nba/pbp/media/2024/03/27/0022301058/230/cab79701-4d53-25e8-3b45-b0610f8d57d4_1280x720.mp4,Wembanyama REBOUND (Off:2 Def:4)
https://videos.nba.com/nba/pbp/media/2024/03/27/0022301058/240/16f8d4a0-f336-ef3b-c139-950567b75635_1280x720.mp4,Wembanyama REBOUND (Off:2 Def:5)
https://videos.nba.com/nba/pbp/media/2024/03/27/0022301058/634/6bdc7b9d-c439-76e7-1f09-0d089395a03b_1280x720.mp4,Wembanyama REBOUND (Off:2 Def:6)
