https://videos.nba.com/nba/pbp/media/2024/01/15/0022300559/12/c608bd80-2b85-14e3-c858-045cf214782f_1280x720.mp4,Johnson Bad Pass Turnover (P1.T1)#@#Wembanyama STEAL (1 STL)
https://videos.nba.com/nba/pbp/media/2024/01/15/0022300559/239/86e01079-01d2-839c-65b8-932eb237955d_1280x720.mp4,Okongwu Lost Ball Turnover (P1.T4)#@#Wembanyama STEAL (2 STL)
https://videos.nba.com/nba/pbp/media/2023/11/30/0022300272/48/3272d81f-684f-a802-a743-466c8ee1e266_1280x720.mp4,Young Bad Pass Turnover (P1.T1)#@#Wembanyama STEAL (1 STL)
https://videos.nba.com/nba/pbp/media/2023/11/30/0022300272/259/78c76b86-72fc-c77d-14ce-39f600a460f2_1280x720.mp4,Bogdanovic Bad Pass Turnover (P1.T4)#@#Wembanyama STEAL (2 STL)
https://videos.nba.com/nba/pbp/media/2024/02/03/0022300703/34/070421de-6f75-fbce-2022-44bd65dafb3e_1280x720.mp4,Mitchell Bad Pass Turnover (P1.T1)#@#Wembanyama STEAL (1 STL)
https://videos.nba.com/nba/pbp/media/2024/02/03/0022300703/43/b4b40a73-9aeb-0eee-fce3-406fcddb4915_1280x720.mp4,Strus Bad Pass Turnover (P1.T2)#@#Wembanyama STEAL (2 STL)
https://videos.nba.com/nba/pbp/media/2024/01/07/0022300497/339/f872367f-92d6-0b9c-1906-331a84dc97d3_1280x720.mp4,Mitchell Bad Pass Turnover (P3.T8)#@#Wembanyama STEAL (1 STL)
https://videos.nba.com/nba/pbp/media/2024/02/02/0022300696/250/7a0c4aa1-fe95-b7f2-01c7-db492c1c2872_1280x720.mp4,Murphy III Bad Pass Turnover (P1.T6)#@#Wembanyama STEAL (1 STL)
https://videos.nba.com/nba/pbp/media/2024/02/02/0022300696/386/bae1a254-52b6-89e3-47ad-c6f51487836f_1280x720.mp4,McCollum Bad Pass Turnover (P2.T7)#@#Wembanyama STEAL (2 STL)
https://videos.nba.com/nba/pbp/media/2023/12/17/0022300345/230/6bd0a305-bcc1-41eb-9a28-b16ce9810575_1280x720.mp4,Daniels Lost Ball Turnover (P1.T7)#@#Wembanyama STEAL (1 STL)
https://videos.nba.com/nba/pbp/media/2023/12/21/0022300376/20/36381cb4-b694-038c-6c5b-881d6a501afe_1280x720.mp4,Caruso Bad Pass Turnover (P1.T1)#@#Wembanyama STEAL (1 STL)
https://videos.nba.com/nba/pbp/media/2023/12/21/0022300376/31/fe5ae01f-65df-6976-6671-d080ab3ea6df_1280x720.mp4,White Bad Pass Turnover (P1.T2)#@#Wembanyama STEAL (2 STL)
https://videos.nba.com/nba/pbp/media/2023/12/08/0022301223/206/47530aaa-bbe6-f3d1-ae87-0542b2dde0f0_1280x720.mp4,DeRozan Bad Pass Turnover (P2.T2)#@#Wembanyama STEAL (1 STL)
https://videos.nba.com/nba/pbp/media/2024/03/19/0022300994/210/f593b227-d669-2d2c-57ba-abaca2ec2537_1280x720.mp4,Doncic Bad Pass Turnover (P1.T2)#@#Wembanyama STEAL (1 STL)
https://videos.nba.com/nba/pbp/media/2024/02/14/0022300785/369/febd4460-58dc-a7e8-1ef4-beaec20a5983_1280x720.mp4,Doncic Bad Pass Turnover (P4.T11)#@#Wembanyama STEAL (1 STL)
https://videos.nba.com/nba/pbp/media/2023/10/25/0022300073/290/559fc21a-cc0b-be9e-fce5-7e8cacc453ff_1280x720.mp4,Hardaway Jr. Bad Pass Turnover (P1.T7)#@#Wembanyama STEAL (1 STL)
https://videos.nba.com/nba/pbp/media/2023/10/25/0022300073/379/4a595ca3-446f-bf2e-5139-a273e68b0937_1280x720.mp4,Doncic Bad Pass Turnover (P3.T9)#@#Wembanyama STEAL (2 STL)
https://videos.nba.com/nba/pbp/media/2024/03/15/0022300965/227/3de1730b-f153-da0a-7c16-d24b0c74d5b0_1280x720.mp4,Murray Bad Pass Turnover (P2.T3)#@#Wembanyama STEAL (1 STL)
https://videos.nba.com/nba/pbp/media/2024/03/15/0022300965/250/d365852c-18c0-2bd8-90b2-26cd48666a04_1280x720.mp4,Jokic Lost Ball Turnover (P1.T4)#@#Wembanyama STEAL (2 STL)
https://videos.nba.com/nba/pbp/media/2023/11/26/0022300252/28/df387e3f-b651-a335-50bc-a0ceea6fd034_1280x720.mp4,Jokic Bad Pass Turnover (P1.T2)#@#Wembanyama STEAL (1 STL)
https://videos.nba.com/nba/pbp/media/2023/11/26/0022300252/69/935aa68d-522b-14d5-9a3d-7e7abce8f9cc_1280x720.mp4,Caldwell-Pope Bad Pass Turnover (P1.T4)#@#Wembanyama STEAL (2 STL)
https://videos.nba.com/nba/pbp/media/2023/11/26/0022300252/186/e4086907-4f42-a6b1-4ad3-db0d573c0e60_1280x720.mp4,Jackson Lost Ball Turnover (P2.T6)#@#Wembanyama STEAL (3 STL)
https://videos.nba.com/nba/pbp/media/2023/11/26/0022300252/346/a8cf395a-656c-6f9d-7490-1b80d1161ab1_1280x720.mp4,Jokic Bad Pass Turnover (P3.T11)#@#Wembanyama STEAL (4 STL)
https://videos.nba.com/nba/pbp/media/2023/11/26/0022300252/415/70d656cc-264f-b135-de55-48242a8e129b_1280x720.mp4,Caldwell-Pope Bad Pass Turnover (P3.T13)#@#Wembanyama STEAL (5 STL)
https://videos.nba.com/nba/pbp/media/2023/11/26/0022300252/419/38ee4f01-db50-2825-b5b0-f815d56c6500_1280x720.mp4,Jackson Bad Pass Turnover (P4.T14)#@#Wembanyama STEAL (6 STL)
https://videos.nba.com/nba/pbp/media/2024/03/11/0022300936/162/d95f4b02-9be3-fc37-76bb-02f475b937bd_1280x720.mp4,Podziemski Bad Pass Turnover (P1.T3)#@#Wembanyama STEAL (1 STL)
https://videos.nba.com/nba/pbp/media/2023/11/24/0022300051/223/f1265b5f-ed4a-a13b-dfd0-c3ec49bf2f3b_1280x720.mp4,Curry Bad Pass Turnover (P3.T6)#@#Wembanyama STEAL (1 STL)
https://videos.nba.com/nba/pbp/media/2024/03/12/0022300942/472/9c93f306-c4a7-3490-dc82-3f9fff93d6d1_1280x720.mp4,Tate Lost Ball Turnover (P1.T12)#@#Wembanyama STEAL (1 STL)
https://videos.nba.com/nba/pbp/media/2023/10/27/0022300083/136/c0776b84-0271-a489-58a7-95a2d5c18002_1280x720.mp4,Tate Lost Ball Turnover (P1.T6)#@#Wembanyama STEAL (1 STL)
https://videos.nba.com/nba/pbp/media/2023/10/27/0022300083/181/f146244a-e66c-3fb3-0541-a509ce313e0c_1280x720.mp4,VanVleet Lost Ball Turnover (P2.T8)#@#Wembanyama STEAL (2 STL)
https://videos.nba.com/nba/pbp/media/2023/10/27/0022300083/699/8842a068-89fb-7990-0564-74a2db5cdfef_1280x720.mp4,Sengun Bad Pass Turnover (P4.T15)#@#Wembanyama STEAL (3 STL)
https://videos.nba.com/nba/pbp/media/2023/11/22/0022300235/61/a317ff0a-953b-8b7f-2e68-e85c7b4b4174_1280x720.mp4,George Lost Ball Turnover (P1.T4)#@#Wembanyama STEAL (1 STL)
https://videos.nba.com/nba/pbp/media/2023/10/29/0022300099/124/56bc8a7b-750d-1906-1c90-ce8f919908e1_1280x720.mp4,Leonard Bad Pass Turnover (P2.T4)#@#Wembanyama STEAL (1 STL)
https://videos.nba.com/nba/pbp/media/2024/02/23/0022300813/36/b65faa3a-64d4-d348-2b0d-e58562a38b40_1280x720.mp4,Reaves Bad Pass Turnover (P1.T1)#@#Wembanyama STEAL (1 STL)
https://videos.nba.com/nba/pbp/media/2024/02/23/0022300813/61/e4e4f870-3a15-c7cb-0615-52cab56ddd5c_1280x720.mp4,James Lost Ball Turnover (P1.T3)#@#Wembanyama STEAL (2 STL)
https://videos.nba.com/nba/pbp/media/2024/02/23/0022300813/157/32b4f39a-d20b-9653-4b7a-2b9b0494d323_1280x720.mp4,Prince Bad Pass Turnover (P1.T4)#@#Wembanyama STEAL (3 STL)
,Russell Lost Ball Turnover (P1.T5)#@#Wembanyama STEAL (4 STL)
https://videos.nba.com/nba/pbp/media/2024/02/23/0022300813/428/b4c8f3f8-2d5e-8354-2cba-16ae15485a5a_1280x720.mp4,James Bad Pass Turnover (P2.T9)#@#Wembanyama STEAL (5 STL)
https://videos.nba.com/nba/pbp/media/2023/12/15/0022300331/71/16ea10b9-f49d-f9fc-537c-abc0ef35d930_1280x720.mp4,Reaves Bad Pass Turnover (P2.T3)#@#Wembanyama STEAL (1 STL)
https://videos.nba.com/nba/pbp/media/2023/12/15/0022300331/368/77bff63c-aaa1-312d-76ae-c46a19a47cd1_1280x720.mp4,James Bad Pass Turnover (P2.T5)#@#Wembanyama STEAL (2 STL)
https://videos.nba.com/nba/pbp/media/2023/12/13/0022300316/54/42bcab76-9988-a439-8577-71b4d4733670_1280x720.mp4,Prince Bad Pass Turnover (P1.T1)#@#Wembanyama STEAL (1 STL)
https://videos.nba.com/nba/pbp/media/2023/12/13/0022300316/400/e003886e-03b1-f125-f16b-f75b30795911_1280x720.mp4,Reddish Lost Ball Turnover (P1.T10)#@#Wembanyama STEAL (2 STL)
https://videos.nba.com/nba/pbp/media/2023/12/13/0022300316/484/edab198e-1fed-9749-0be7-10256d536e62_1280x720.mp4,Reaves Lost Ball Turnover (P1.T12)#@#Wembanyama STEAL (3 STL)
https://videos.nba.com/nba/pbp/media/2024/02/07/0022300730/249/d3f9916f-11eb-2381-dd60-db6f82b6ce98_1280x720.mp4,D. Robinson Bad Pass Turnover (P1.T4)#@#Wembanyama STEAL (1 STL)
https://videos.nba.com/nba/pbp/media/2023/11/12/0022300184/266/96df527a-e08f-659f-2d17-7e6df57c2250_1280x720.mp4,Butler Bad Pass Turnover (P2.T5)#@#Wembanyama STEAL (1 STL)
https://videos.nba.com/nba/pbp/media/2024/01/04/0022300477/344/b30e03ce-c59b-ab47-783b-72523da8dfdb_1280x720.mp4,Connaughton Bad Pass Turnover (P1.T9)#@#Wembanyama STEAL (1 STL)
https://videos.nba.com/nba/pbp/media/2024/02/27/0022300838/7/f5cfafc6-2728-6d3f-4749-2b9a55486db5_1280x720.mp4,Anderson Lost Ball Turnover (P1.T1)#@#Wembanyama STEAL (1 STL)
https://videos.nba.com/nba/pbp/media/2024/02/27/0022300838/611/14bbf05a-1fa4-353a-3c61-c1939c8dacf3_1280x720.mp4,Edwards Bad Pass Turnover (P4.T14)#@#Wembanyama STEAL (2 STL)
https://videos.nba.com/nba/pbp/media/2024/01/27/0022300649/207/9082be1e-72db-f788-6c7c-c2522e52a101_1280x720.mp4,Milton Bad Pass Turnover (P1.T3)#@#Wembanyama STEAL (1 STL)
,Towns Bad Pass Turnover (P2.T5)#@#Wembanyama STEAL (2 STL)
https://videos.nba.com/nba/pbp/media/2023/12/06/0022301210/391/fc9e10d7-686b-a99b-fde1-1f32ce51564b_1280x720.mp4,Conley Bad Pass Turnover (P1.T11)#@#Wembanyama STEAL (1 STL)
https://videos.nba.com/nba/pbp/media/2023/11/10/0022300013/641/3e30b860-e9b5-283e-9e25-0f88476b0477_1280x720.mp4,Edwards Bad Pass Turnover (P4.T18)#@#Wembanyama STEAL (1 STL)
https://videos.nba.com/nba/pbp/media/2024/02/08/0022300734/219/f195c6b7-27a7-37c1-af8c-695d1165e234_1280x720.mp4,Anthony Bad Pass Turnover (P1.T6)#@#Wembanyama STEAL (1 STL)
https://videos.nba.com/nba/pbp/media/2024/01/31/0022300681/587/44f6b417-aa29-2cf0-f98e-05a2581a527a_1280x720.mp4,Isaac Lost Ball Turnover (P1.T10)#@#Wembanyama STEAL (1 STL)
https://videos.nba.com/nba/pbp/media/2024/01/31/0022300681/527/8b8679ea-b343-aedd-502e-3183e7658c81_1280x720.mp4,Ingles Bad Pass Turnover (P2.T11)#@#Wembanyama STEAL (2 STL)
https://videos.nba.com/nba/pbp/media/2024/03/03/0022300877/400/91101f22-e279-5c9a-e57f-93a37bbfff7a_1280x720.mp4,Nembhard Lost Ball Turnover (P2.T10)#@#Wembanyama STEAL (1 STL)
https://videos.nba.com/nba/pbp/media/2023/11/06/0022300146/388/7506c50e-26b7-09e0-93d2-187febf9d491_1280x720.mp4,Haliburton Bad Pass Turnover (P2.T6)#@#Wembanyama STEAL (1 STL)
https://videos.nba.com/nba/pbp/media/2023/11/02/0022300131/21/87958bf3-101d-982c-c479-8dadd7954856_1280x720.mp4,Allen Bad Pass Turnover (P1.T2)#@#Wembanyama STEAL (1 STL)
https://videos.nba.com/nba/pbp/media/2024/01/26/0022300641/68/559ce505-7c96-1cfd-e37d-5f4cbbd40b87_1280x720.mp4,Camara Bad Pass Turnover (P1.T2)#@#Wembanyama STEAL (1 STL)
https://videos.nba.com/nba/pbp/media/2024/01/26/0022300641/542/e772624d-f808-4145-f8be-a85ddc2e309c_1280x720.mp4,Simons Bad Pass Turnover (P5.T12)#@#Wembanyama STEAL (2 STL)
https://videos.nba.com/nba/pbp/media/2024/02/22/0022300803/30/11aa0127-333c-41b2-5719-54f786be0685_1280x720.mp4,Sabonis Lost Ball Turnover (P1.T1)#@#Wembanyama STEAL (1 STL)
https://videos.nba.com/nba/pbp/media/2024/02/22/0022300803/325/90372d1c-e2cb-b27d-b241-83218d3212b8_1280x720.mp4,Murray Bad Pass Turnover (P1.T5)#@#Wembanyama STEAL (2 STL)
https://videos.nba.com/nba/pbp/media/2024/02/22/0022300803/391/406f9124-6882-4a6b-8c14-d8b971223563_1280x720.mp4,Murray Bad Pass Turnover (P2.T6)#@#Wembanyama STEAL (3 STL)
https://videos.nba.com/nba/pbp/media/2024/02/22/0022300803/500/74dd1fea-2b1e-6e35-83db-83f9928fd3c0_1280x720.mp4,Fox Lost Ball Turnover (P2.T8)#@#Wembanyama STEAL (4 STL)
https://videos.nba.com/nba/pbp/media/2024/02/22/0022300803/529/eec65ac9-7c06-b940-c2cf-bf58680fa270_1280x720.mp4,Sabonis Lost Ball Turnover (P2.T9)#@#Wembanyama STEAL (5 STL)
https://videos.nba.com/nba/pbp/media/2023/11/17/0022300032/46/88ea1867-c1ef-7466-caa7-cb7f7a49addf_1280x720.mp4,Murray Lost Ball Turnover (P1.T1)#@#Wembanyama STEAL (1 STL)
https://videos.nba.com/nba/pbp/media/2023/11/17/0022300032/312/4eaf639e-4c8a-fa12-a20e-98197a375be1_1280x720.mp4,Sabonis Lost Ball Turnover (P1.T8)#@#Wembanyama STEAL (2 STL)
https://videos.nba.com/nba/pbp/media/2024/03/22/0022301015/229/610ec95d-5584-c14c-f998-97d63b021662_1280x720.mp4,Jarreau Bad Pass Turnover (P1.T5)#@#Wembanyama STEAL (1 STL)
https://videos.nba.com/nba/pbp/media/2024/03/22/0022301015/617/342703b4-7b96-7cfc-4563-623d935bb15a_1280x720.mp4,Jackson Jr. Bad Pass Turnover (P4.T16)#@#Wembanyama STEAL (2 STL)
https://videos.nba.com/nba/pbp/media/2024/02/29/0022300853/336/18ba9d46-8d21-503d-c3f9-a217b229e07a_1280x720.mp4,Gilgeous-Alexander Lost Ball Turnover (P1.T6)#@#Wembanyama STEAL (1 STL)
https://videos.nba.com/nba/pbp/media/2024/02/29/0022300853/382/b0a4828a-51c9-ce2d-1546-fd6d3df126ac_1280x720.mp4,Jal. Williams Bad Pass Turnover (P1.T7)#@#Wembanyama STEAL (2 STL)
https://videos.nba.com/nba/pbp/media/2024/02/25/0022300825/323/312f0422-a604-8107-386f-f731f4dcc26c_1280x720.mp4,Sexton Bad Pass Turnover (P2.T5)#@#Wembanyama STEAL (1 STL)
https://videos.nba.com/nba/pbp/media/2024/02/12/0022300764/83/7221407c-3b24-526f-f447-f5a07904ac62_1280x720.mp4,Barnes Bad Pass Turnover (P2.T3)#@#Wembanyama STEAL (1 STL)
https://videos.nba.com/nba/pbp/media/2024/02/12/0022300764/182/faf9012e-4d6c-7b3f-c5bd-fb125a1d0b36_1280x720.mp4,Quickley Lost Ball Turnover (P2.T6)#@#Wembanyama STEAL (2 STL)
https://videos.nba.com/nba/pbp/media/2024/01/29/0022300665/28/fff2f25a-d96e-5a30-f6d9-84ab21b320a5_1280x720.mp4,Avdija Bad Pass Turnover (P1.T1)#@#Wembanyama STEAL (1 STL)
https://videos.nba.com/nba/pbp/media/2024/01/24/0022300622/23/4047ad83-68c9-07b9-f6d9-dac0ce7ad068_1280x720.mp4,Gilgeous-Alexander Lost Ball Turnover (P1.T1)#@#Wembanyama STEAL (1 STL)
https://videos.nba.com/nba/pbp/media/2023/12/26/0022300412/415/154256c0-eb1f-4612-428b-50329d4145fa_1280x720.mp4,Collins Lost Ball Turnover (P3.T9)#@#Wembanyama STEAL (1 STL)
https://videos.nba.com/nba/pbp/media/2023/11/18/0022300206/223/fa00db4f-6a09-a2b5-b86c-72d8d5df82fc_1280x720.mp4,Aldama Lost Ball Turnover (P2.T7)#@#Wembanyama STEAL (1 STL)
https://videos.nba.com/nba/pbp/media/2023/11/05/0022300141/311/0a01354e-c095-5a60-5c01-c698f17a54c9_1280x720.mp4,Siakam Lost Ball Turnover (P3.T11)#@#Wembanyama STEAL (1 STL)
