https://videos.nba.com/nba/pbp/media/2024/01/15/0022300559/33/670424d2-1e97-7263-c94b-cb2f784d30b0_1280x720.mp4,MISS Young 8' Floating Jump Shot#@#Wembanyama BLOCK (1 BLK)
https://videos.nba.com/nba/pbp/media/2024/01/15/0022300559/63/67d43a48-9729-ca6a-daf8-fdf42fc8d20f_1280x720.mp4,MISS Johnson 4' Driving Layup#@#Wembanyama BLOCK (2 BLK)
https://videos.nba.com/nba/pbp/media/2024/01/15/0022300559/75/5a5925bd-923c-8670-33ee-e9b9524fac73_1280x720.mp4,MISS Capela 1' Dunk#@#Wembanyama BLOCK (3 BLK)
https://videos.nba.com/nba/pbp/media/2024/01/15/0022300559/531/d10e6d73-b68b-f8e4-dc58-c047a35c1629_1280x720.mp4,MISS Okongwu 2' Dunk#@#Wembanyama BLOCK (4 BLK)
https://videos.nba.com/nba/pbp/media/2024/01/15/0022300559/648/77989f51-9a7a-3acf-a706-21592b740531_1280x720.mp4,MISS Young 11' Floating Jump Shot#@#Wembanyama BLOCK (5 BLK)
https://videos.nba.com/nba/pbp/media/2023/11/30/0022300272/89/f6a7be7a-dbf3-96cd-87f2-f6caf16f28b0_1280x720.mp4,MISS Capela 2' Layup#@#Wembanyama BLOCK (1 BLK)
https://videos.nba.com/nba/pbp/media/2023/11/30/0022300272/202/64212d28-00af-868f-3087-b8b03f1a9aaf_1280x720.mp4,MISS Young 3' Driving Layup#@#Wembanyama BLOCK (2 BLK)
https://videos.nba.com/nba/pbp/media/2023/11/30/0022300272/390/1de3c87c-debe-7d9b-f1a4-b6b94dea8eef_1280x720.mp4,MISS Young 13' Floating Jump Shot#@#Wembanyama BLOCK (3 BLK)
https://videos.nba.com/nba/pbp/media/2023/11/30/0022300272/542/0713f4a8-d2bf-7c46-df5e-31cfb81d3517_1280x720.mp4,MISS Bey Putback Layup#@#Wembanyama BLOCK (4 BLK)
https://videos.nba.com/nba/pbp/media/2024/01/17/0022300571/522/3dc8c493-3219-0629-bbf7-abaa3f9fa1f2_1280x720.mp4,MISS Brissett 5' Running Layup#@#Wembanyama BLOCK (1 BLK)
https://videos.nba.com/nba/pbp/media/2023/12/31/0022300448/565/ba095360-a1b1-999e-4179-addb73a1f5c3_1280x720.mp4,MISS Kornet 3' Tip Layup Shot#@#Wembanyama BLOCK (1 BLK)
https://videos.nba.com/nba/pbp/media/2024/02/03/0022300703/168/7c02f77d-c629-fbee-d534-1129e85e61f7_1280x720.mp4,MISS Okoro 6' Driving Floating Jump Shot#@#Wembanyama BLOCK (1 BLK)
https://videos.nba.com/nba/pbp/media/2024/02/03/0022300703/551/200b7c60-e4a0-5e3c-ac28-74d9f76f0ab3_1280x720.mp4,MISS Mobley 4' Driving Finger Roll Layup#@#Wembanyama BLOCK (2 BLK)
https://videos.nba.com/nba/pbp/media/2024/01/07/0022300497/166/489b1d14-db68-120a-680d-896fdea4ad48_1280x720.mp4,MISS LeVert 1' Driving Reverse Layup#@#Wembanyama BLOCK (1 BLK)
https://videos.nba.com/nba/pbp/media/2024/01/07/0022300497/233/3b1c5b93-09ae-d441-3c6d-71589882e13d_1280x720.mp4,MISS Merrill 25' 3PT Jump Shot#@#Wembanyama BLOCK (2 BLK)
https://videos.nba.com/nba/pbp/media/2024/01/07/0022300497/505/81f38e3a-d1f4-3ad8-6214-ff55df8cfdc3_1280x720.mp4,MISS Merrill 2' Driving Reverse Layup#@#Wembanyama BLOCK (3 BLK)
https://videos.nba.com/nba/pbp/media/2024/01/07/0022300497/625/275bcee0-0183-5c41-e05a-08a5b13d6a57_1280x720.mp4,MISS Allen 6' Layup#@#Wembanyama BLOCK (4 BLK)
https://videos.nba.com/nba/pbp/media/2024/01/07/0022300497/665/2f9fd007-8eec-b46a-5fc1-d8dd734627b0_1280x720.mp4,MISS LeVert 1' Cutting Layup Shot#@#Wembanyama BLOCK (5 BLK)
https://videos.nba.com/nba/pbp/media/2024/02/02/0022300696/33/b6d317e7-95a0-2598-2185-448545d1192e_1280x720.mp4,MISS Ingram 3' Driving Layup#@#Wembanyama BLOCK (1 BLK)
https://videos.nba.com/nba/pbp/media/2024/02/02/0022300696/513/0c6297c7-75e0-bb92-feee-786a4a1e54ad_1280x720.mp4,MISS Alvarado 3' Driving Floating Jump Shot#@#Wembanyama BLOCK (2 BLK)
https://videos.nba.com/nba/pbp/media/2024/02/02/0022300696/682/7f3b7de1-baf8-8af7-8424-e6a644ad7614_1280x720.mp4,MISS Williamson 3' Driving Layup#@#Wembanyama BLOCK (3 BLK)
https://videos.nba.com/nba/pbp/media/2023/12/17/0022300345/9/e796689d-7976-598b-f50d-1603eb242cf3_1280x720.mp4,MISS Jones 4' Driving Reverse Layup#@#Wembanyama BLOCK (1 BLK)
https://videos.nba.com/nba/pbp/media/2023/12/17/0022300345/238/e81329e9-dd48-37bd-810e-afc61c732206_1280x720.mp4,MISS Murphy III 7' Driving Layup#@#Wembanyama BLOCK (2 BLK)
https://videos.nba.com/nba/pbp/media/2023/12/17/0022300345/336/29cce7d8-6df3-0f07-3411-0ee154509cb9_1280x720.mp4,MISS Jones 3' Driving Reverse Layup#@#Wembanyama BLOCK (3 BLK)
https://videos.nba.com/nba/pbp/media/2023/12/17/0022300345/570/61a61176-a554-8a9c-996d-017a2003c764_1280x720.mp4,MISS Valanciunas 5' Turnaround Hook Shot#@#Wembanyama BLOCK (4 BLK)
https://videos.nba.com/nba/pbp/media/2023/12/21/0022300376/7/af2a35b7-9507-c375-d3d0-c4d33c396615_1280x720.mp4,MISS Vucevic 7' Floating Jump Shot#@#Wembanyama BLOCK (1 BLK)
https://videos.nba.com/nba/pbp/media/2023/12/21/0022300376/369/01f5513e-d657-f505-5783-11dd36b3c8c1_1280x720.mp4,MISS Vucevic 9' Turnaround Hook Shot#@#Wembanyama BLOCK (2 BLK)
https://videos.nba.com/nba/pbp/media/2023/12/21/0022300376/538/300f0fea-a547-bd73-9343-32b6f38a5346_1280x720.mp4,MISS Drummond 2' Cutting Layup Shot#@#Wembanyama BLOCK (3 BLK)
https://videos.nba.com/nba/pbp/media/2023/12/08/0022301223/50/d42573d7-7afa-a70b-121d-cf1ff01042ce_1280x720.mp4,MISS DeRozan 2' Driving Layup#@#Wembanyama BLOCK (1 BLK)
https://videos.nba.com/nba/pbp/media/2023/12/08/0022301223/256/c25ed597-1c16-f8e2-da3e-390c29797293_1280x720.mp4,MISS Vucevic 5' Driving Reverse Layup#@#Wembanyama BLOCK (2 BLK)
https://videos.nba.com/nba/pbp/media/2023/12/08/0022301223/388/b4cdeb60-f71f-00d3-6084-28a214ca9529_1280x720.mp4,MISS Vucevic 3' Turnaround Hook Shot#@#Wembanyama BLOCK (3 BLK)
https://videos.nba.com/nba/pbp/media/2023/12/08/0022301223/436/7b4d1d6f-8f56-20de-fc67-8277eed9633e_1280x720.mp4,MISS Vucevic 9' Turnaround Hook Shot#@#Wembanyama BLOCK (4 BLK)
https://videos.nba.com/nba/pbp/media/2024/03/19/0022300994/80/aa31589f-408b-40d4-8527-b54d542bccbd_1280x720.mp4,MISS Washington 2' Driving Layup#@#Wembanyama BLOCK (1 BLK)
https://videos.nba.com/nba/pbp/media/2024/03/19/0022300994/196/37681e96-98ba-11f3-797c-7c6577720985_1280x720.mp4,MISS Hardaway Jr. 11' Fadeaway Jumper#@#Wembanyama BLOCK (2 BLK)
https://videos.nba.com/nba/pbp/media/2024/03/19/0022300994/345/37e33516-8725-11b8-d8cc-0b7698d788f3_1280x720.mp4,MISS Washington 3PT Jump Shot#@#Wembanyama BLOCK (3 BLK)
https://videos.nba.com/nba/pbp/media/2024/03/19/0022300994/399/535a5a04-91b6-ead2-63bf-46427a8c4f64_1280x720.mp4,MISS Gafford 3' Layup#@#Wembanyama BLOCK (4 BLK)
https://videos.nba.com/nba/pbp/media/2024/03/19/0022300994/547/0e934ea5-9817-be94-f2d1-5ce6016e2cc0_1280x720.mp4,MISS Irving 3' Running Reverse Layup#@#Wembanyama BLOCK (5 BLK)
https://videos.nba.com/nba/pbp/media/2024/03/19/0022300994/559/8396185c-acdb-8938-6117-745b7bd69022_1280x720.mp4,MISS Doncic 26' 3PT Step Back Jump Shot#@#Wembanyama BLOCK (6 BLK)
https://videos.nba.com/nba/pbp/media/2024/02/14/0022300785/21/e749658c-e87b-847e-65ba-6841f1f9ca35_1280x720.mp4,MISS Washington 2' Running Alley Oop Dunk Shot#@#Wembanyama BLOCK (1 BLK)
https://videos.nba.com/nba/pbp/media/2024/02/14/0022300785/85/dbd9326b-b7ad-bd81-8c4b-7d4403d97745_1280x720.mp4,MISS Powell 2' Cutting Layup Shot#@#Wembanyama BLOCK (2 BLK)
https://videos.nba.com/nba/pbp/media/2024/02/14/0022300785/386/e4654dba-b286-204c-27f2-4dd3295b7163_1280x720.mp4,MISS Green 14' Pullup Jump Shot#@#Wembanyama BLOCK (3 BLK)
https://videos.nba.com/nba/pbp/media/2023/10/25/0022300073/11/4c1b8154-795c-ce49-fa9c-4762e22e45d5_1280x720.mp4,MISS Irving 17' Pullup Jump Shot#@#Wembanyama BLOCK (1 BLK)
https://videos.nba.com/nba/pbp/media/2024/03/15/0022300965/7/201266f7-12e7-72a2-fc47-72472c8139c6_1280x720.mp4,MISS Jokic 3' Driving Hook Shot#@#Wembanyama BLOCK (1 BLK)
https://videos.nba.com/nba/pbp/media/2024/03/15/0022300965/221/d2f9bf65-58b6-1ab0-8260-13fa34ce0099_1280x720.mp4,MISS Watson 12' Pullup Jump Shot#@#Wembanyama BLOCK (2 BLK)
https://videos.nba.com/nba/pbp/media/2024/03/15/0022300965/231/4e841891-2bc5-ad6d-6610-cee5182c935a_1280x720.mp4,MISS Braun 2' Cutting Layup Shot#@#Wembanyama BLOCK (3 BLK)
https://videos.nba.com/nba/pbp/media/2023/11/26/0022300252/17/633b6293-30f7-58f9-924b-e75091b1bfa6_1280x720.mp4,MISS Jackson 2' Driving Reverse Layup#@#Wembanyama BLOCK (1 BLK)
https://videos.nba.com/nba/pbp/media/2023/11/26/0022300252/350/84e9b3c0-8508-962f-075e-2501b82338de_1280x720.mp4,MISS Jokic 7' Turnaround Hook Shot#@#Wembanyama BLOCK (2 BLK)
https://videos.nba.com/nba/pbp/media/2023/11/26/0022300252/507/dce3d4f9-114f-ab7e-aec4-a3dad58335a9_1280x720.mp4,MISS Jokic 9' Floating Jump Shot#@#Wembanyama BLOCK (3 BLK)
https://videos.nba.com/nba/pbp/media/2023/11/26/0022300252/553/e855ea94-f8da-ad19-305a-4389d04974cb_1280x720.mp4,MISS Braun 9' Turnaround Hook Shot#@#Wembanyama BLOCK (4 BLK)
https://videos.nba.com/nba/pbp/media/2024/03/11/0022300936/469/415f7d81-f41e-1366-8129-e6ed5f99f58e_1280x720.mp4,MISS Moody 2' Layup#@#Wembanyama BLOCK (1 BLK)
https://videos.nba.com/nba/pbp/media/2024/03/11/0022300936/652/44e9a430-f791-27bc-2671-828ac190eb71_1280x720.mp4,MISS Kuminga 6' Pullup Jump Shot#@#Wembanyama BLOCK (2 BLK)
https://videos.nba.com/nba/pbp/media/2023/11/24/0022300051/238/587d85ab-8a47-3ae9-9745-dde0f7a47ae6_1280x720.mp4,MISS Curry 3' Driving Layup#@#Wembanyama BLOCK (1 BLK)
https://videos.nba.com/nba/pbp/media/2023/11/24/0022300051/322/ddaa1268-8dcb-e3a4-f1c2-9215538d6fc4_1280x720.mp4,MISS Wiggins 16' Turnaround Jump Shot#@#Wembanyama BLOCK (2 BLK)
https://videos.nba.com/nba/pbp/media/2024/03/12/0022300942/155/7ef52e95-f431-6ebd-b9c9-e3aaf4e68a2b_1280x720.mp4,MISS Tate 6' Driving Layup#@#Wembanyama BLOCK (1 BLK)
https://videos.nba.com/nba/pbp/media/2024/03/12/0022300942/508/26e80380-cb70-611c-b510-af85ef13614d_1280x720.mp4,MISS Ja. Green 3' Driving Finger Roll Layup#@#Wembanyama BLOCK (2 BLK)
https://videos.nba.com/nba/pbp/media/2024/03/05/0022300891/9/4a82de6b-4275-5063-f48c-e7356b68f9d5_1280x720.mp4,MISS Sengun 3' Hook Shot#@#Wembanyama BLOCK (1 BLK)
https://videos.nba.com/nba/pbp/media/2024/03/05/0022300891/158/e3c91ea6-e470-7158-4ba1-0d0bbeb632b4_1280x720.mp4,MISS Landale 1' Tip Layup Shot#@#Wembanyama BLOCK (2 BLK)
https://videos.nba.com/nba/pbp/media/2024/03/05/0022300891/168/4665ffe6-5521-a131-f1f4-bd6305ad7aa0_1280x720.mp4,MISS Holiday 3' Turnaround Hook Shot#@#Wembanyama BLOCK (3 BLK)
https://videos.nba.com/nba/pbp/media/2024/03/05/0022300891/343/693c3a59-58c8-e3d5-2c7e-ac832950f88d_1280x720.mp4,MISS Sengun 3' Driving Layup#@#Wembanyama BLOCK (4 BLK)
https://videos.nba.com/nba/pbp/media/2024/03/05/0022300891/577/35bfad42-7b43-eb0d-d3ed-29ba7800d0ca_1280x720.mp4,MISS Sengun 2' Driving Layup#@#Wembanyama BLOCK (5 BLK)
https://videos.nba.com/nba/pbp/media/2024/03/05/0022300891/600/ee77deb0-2a47-3fbc-01c2-8afef474e66e_1280x720.mp4,MISS Sengun 4' Cutting Layup Shot#@#Wembanyama BLOCK (6 BLK)
https://videos.nba.com/nba/pbp/media/2024/03/05/0022300891/632/a8254e4a-ba3c-749f-2639-c2662947f278_1280x720.mp4,MISS Sengun 2' Driving Layup#@#Wembanyama BLOCK (7 BLK)
https://videos.nba.com/nba/pbp/media/2023/12/11/0022300298/30/b83b9210-4712-0bd6-7ffe-17a4a1fbe58d_1280x720.mp4,MISS Brooks 5' Hook Shot#@#Wembanyama BLOCK (1 BLK)
https://videos.nba.com/nba/pbp/media/2023/12/11/0022300298/83/1347f5f9-363b-01fc-c34b-94fc42e7f853_1280x720.mp4,MISS Sengun 5' Hook Shot#@#Wembanyama BLOCK (2 BLK)
https://videos.nba.com/nba/pbp/media/2023/12/11/0022300298/238/0e043a57-4f73-cc60-5949-f27770784568_1280x720.mp4,MISS Smith Jr. 2' Driving Layup#@#Wembanyama BLOCK (3 BLK)
https://videos.nba.com/nba/pbp/media/2023/12/11/0022300298/247/6b4c5007-d316-3d64-de15-05fb735c6388_1280x720.mp4,MISS Eason 2' Layup#@#Wembanyama BLOCK (4 BLK)
https://videos.nba.com/nba/pbp/media/2023/12/11/0022300298/318/50124548-8a5e-e7cc-daf2-861511966781_1280x720.mp4,MISS Je. Green 3' Running Layup#@#Wembanyama BLOCK (5 BLK)
https://videos.nba.com/nba/pbp/media/2023/10/27/0022300083/582/3deeebc8-2875-512d-ec36-1ba8201f71fc_1280x720.mp4,MISS Sengun 3' Layup#@#Wembanyama BLOCK (1 BLK)
https://videos.nba.com/nba/pbp/media/2023/10/27/0022300083/633/455a4af7-e2d9-61f8-161d-caf76546e38a_1280x720.mp4,MISS Smith Jr. 3' Dunk#@#Wembanyama BLOCK (2 BLK)
https://videos.nba.com/nba/pbp/media/2023/10/27/0022300083/636/383e648a-0578-2cd5-b547-458965202efb_1280x720.mp4,MISS Smith Jr. Putback Layup#@#Wembanyama BLOCK (3 BLK)
https://videos.nba.com/nba/pbp/media/2023/11/22/0022300235/508/0ac46cb9-858c-6582-6aa6-28e0390fcbff_1280x720.mp4,MISS Theis Tip Layup Shot#@#Wembanyama BLOCK (1 BLK)
https://videos.nba.com/nba/pbp/media/2023/11/22/0022300235/557/d92ba52f-8826-d354-9d85-76b7eb8c6ae2_1280x720.mp4,MISS Theis 3' Cutting Layup Shot#@#Wembanyama BLOCK (2 BLK)
https://videos.nba.com/nba/pbp/media/2023/11/22/0022300235/629/d598754e-78e2-2453-e42b-1c440553a0ed_1280x720.mp4,MISS Zubac 3' Layup#@#Wembanyama BLOCK (3 BLK)
https://videos.nba.com/nba/pbp/media/2023/11/20/0022300223/42/d841cbc0-61e8-dc46-d633-b8671058b3a7_1280x720.mp4,MISS Harden 8' Driving Layup#@#Wembanyama BLOCK (1 BLK)
https://videos.nba.com/nba/pbp/media/2023/11/20/0022300223/437/cb9b09de-f63a-34e4-614a-34166ec9abb7_1280x720.mp4,MISS Westbrook 3' Driving Finger Roll Layup#@#Wembanyama BLOCK (2 BLK)
https://videos.nba.com/nba/pbp/media/2023/10/29/0022300099/14/cc4bf2a0-4f96-09c7-0678-4c393041eba3_1280x720.mp4,MISS Zubac 4' Layup#@#Wembanyama BLOCK (1 BLK)
https://videos.nba.com/nba/pbp/media/2024/02/23/0022300813/11/a83d3b9e-852f-2567-709d-e31916465908_1280x720.mp4,MISS Reaves 3' Driving Layup#@#Wembanyama BLOCK (1 BLK)
https://videos.nba.com/nba/pbp/media/2024/02/23/0022300813/386/fe2b21ae-abe6-db05-93e5-be61b4892e15_1280x720.mp4,MISS Davis 8' Reverse Layup#@#Wembanyama BLOCK (2 BLK)
https://videos.nba.com/nba/pbp/media/2024/02/23/0022300813/618/70336759-0a3d-4f8e-f6f2-17441bee93da_1280x720.mp4,MISS James 19' Turnaround Fadeaway Shot#@#Wembanyama BLOCK (3 BLK)
https://videos.nba.com/nba/pbp/media/2024/02/23/0022300813/636/f18f1488-cf82-5ec1-cb14-00476076a9d1_1280x720.mp4,MISS Reaves 6' Driving Layup#@#Wembanyama BLOCK (4 BLK)
https://videos.nba.com/nba/pbp/media/2024/02/23/0022300813/648/ffd12614-595a-2c99-839e-dd3b9c0f19d6_1280x720.mp4,MISS Reaves 4' Driving Layup#@#Wembanyama BLOCK (5 BLK)
https://videos.nba.com/nba/pbp/media/2023/12/15/0022300331/42/6968cc13-87f9-e992-a5f1-7510f24c0b9d_1280x720.mp4,MISS Hayes Putback Dunk#@#Wembanyama BLOCK (1 BLK)
https://videos.nba.com/nba/pbp/media/2023/12/15/0022300331/78/e083a5f2-e4de-acfb-4ec5-140011c2c966_1280x720.mp4,MISS Christie 1' Driving Dunk#@#Wembanyama BLOCK (2 BLK)
https://videos.nba.com/nba/pbp/media/2023/12/13/0022300316/184/e1252138-4784-3018-cc9e-44ddc0a39c05_1280x720.mp4,MISS Reaves 2' Running Finger Roll Layup#@#Wembanyama BLOCK (1 BLK)
https://videos.nba.com/nba/pbp/media/2023/12/13/0022300316/312/b032f4ed-76f3-4f66-917f-ed50dcb8d8f3_1280x720.mp4,MISS Davis 16' Fadeaway Jumper#@#Wembanyama BLOCK (2 BLK)
https://videos.nba.com/nba/pbp/media/2023/12/13/0022300316/329/e7b644b8-443c-d68f-a381-a23be67a7f49_1280x720.mp4,MISS Christie 8' Floating Jump Shot#@#Wembanyama BLOCK (3 BLK)
https://videos.nba.com/nba/pbp/media/2023/12/13/0022300316/337/75498d0b-bf51-aca3-c1fe-f8d420ac9881_1280x720.mp4,MISS Davis 1' Running Finger Roll Layup#@#Wembanyama BLOCK (4 BLK)
https://videos.nba.com/nba/pbp/media/2023/12/13/0022300316/520/12a5fcc2-e730-0703-3651-61371d1abbbb_1280x720.mp4,MISS Hayes 4' Driving Layup#@#Wembanyama BLOCK (5 BLK)
https://videos.nba.com/nba/pbp/media/2023/12/13/0022300316/534/bce9c484-0250-52e8-c365-4a902bf0d22c_1280x720.mp4,MISS Reddish 2' Driving Reverse Layup#@#Wembanyama BLOCK (6 BLK)
https://videos.nba.com/nba/pbp/media/2024/02/07/0022300730/19/8830e6df-af2c-8db8-3165-c5bd72e27d91_1280x720.mp4,MISS Adebayo 5' Driving Reverse Layup#@#Wembanyama BLOCK (1 BLK)
https://videos.nba.com/nba/pbp/media/2023/11/12/0022300184/364/eaffe056-2204-df30-6422-588cf90b25fa_1280x720.mp4,MISS Butler 2' Driving Layup#@#Wembanyama BLOCK (1 BLK)
https://videos.nba.com/nba/pbp/media/2024/01/04/0022300477/213/547daec8-e692-0d43-c7e7-5b588e3511af_1280x720.mp4,MISS Portis 1' Driving Layup#@#Wembanyama BLOCK (1 BLK)
https://videos.nba.com/nba/pbp/media/2024/01/04/0022300477/364/41ea9dbc-1741-6d30-0e91-ef057f6e7f2c_1280x720.mp4,MISS B. Lopez 9' Driving Layup#@#Wembanyama BLOCK (2 BLK)
https://videos.nba.com/nba/pbp/media/2024/01/04/0022300477/531/65861ed1-6114-9a1e-651b-32f315f7445f_1280x720.mp4,MISS Connaughton 3PT Jump Shot#@#Wembanyama BLOCK (3 BLK)
https://videos.nba.com/nba/pbp/media/2024/01/04/0022300477/624/dc7adb33-bc10-95ce-ab02-3fd75c8fc32f_1280x720.mp4,MISS Lillard 2' Driving Finger Roll Layup#@#Wembanyama BLOCK (4 BLK)
https://videos.nba.com/nba/pbp/media/2024/01/04/0022300477/635/e9282edb-6238-7ea4-9323-c8d79bb5f1e9_1280x720.mp4,MISS G. Antetokounmpo 2' Driving Dunk#@#Wembanyama BLOCK (5 BLK)
https://videos.nba.com/nba/pbp/media/2024/02/27/0022300838/44/a7b0fb1f-6784-cd26-af33-70ad2909a039_1280x720.mp4,MISS Gobert 2' Cutting Layup Shot#@#Wembanyama BLOCK (1 BLK)
https://videos.nba.com/nba/pbp/media/2024/02/27/0022300838/306/85143a0b-0415-25a9-c769-aa30fff823e5_1280x720.mp4,MISS Morris 3' Putback Layup#@#Wembanyama BLOCK (2 BLK)
https://videos.nba.com/nba/pbp/media/2024/02/27/0022300838/413/59494911-5f61-5041-4e73-99307fbb556b_1280x720.mp4,MISS Alexander-Walker 1' Driving Finger Roll Layup#@#Wembanyama BLOCK (3 BLK)
https://videos.nba.com/nba/pbp/media/2024/02/27/0022300838/621/d0885bcd-74e2-8946-00f0-485c02585189_1280x720.mp4,MISS Gobert 1' Putback Layup#@#Wembanyama BLOCK (4 BLK)
https://videos.nba.com/nba/pbp/media/2024/01/27/0022300649/365/5ad6a4fb-78e4-7371-9519-e52673bc9e55_1280x720.mp4,MISS Alexander-Walker 3' Driving Reverse Layup#@#Wembanyama BLOCK (1 BLK)
https://videos.nba.com/nba/pbp/media/2024/01/27/0022300649/494/cb0b47f1-12d2-b52b-a70e-98f33c0b9697_1280x720.mp4,MISS Anderson 9' Driving Layup#@#Wembanyama BLOCK (2 BLK)
https://videos.nba.com/nba/pbp/media/2023/12/06/0022301210/470/1ffa4095-65a4-f3c6-fab3-340a2f735b3a_1280x720.mp4,MISS Reid 8' Layup#@#Wembanyama BLOCK (1 BLK)
https://videos.nba.com/nba/pbp/media/2023/11/10/0022300013/41/02f4d6e0-ab6c-8570-25b8-9fdf813fc088_1280x720.mp4,MISS Towns 6' Driving Layup#@#Wembanyama BLOCK (1 BLK)
https://videos.nba.com/nba/pbp/media/2023/11/10/0022300013/205/187a0302-b163-f160-81f8-9b2fa1f1909f_1280x720.mp4,MISS Gobert 1' Layup#@#Wembanyama BLOCK (2 BLK)
https://videos.nba.com/nba/pbp/media/2023/11/10/0022300013/597/81a7e650-d0fd-0611-9e85-70a45322ced4_1280x720.mp4,MISS Gobert 1' Driving Layup#@#Wembanyama BLOCK (3 BLK)
https://videos.nba.com/nba/pbp/media/2023/11/10/0022300013/622/5a4cece9-b8ed-a134-e0b2-a466d76bfbc7_1280x720.mp4,MISS Gobert 1' Layup#@#Wembanyama BLOCK (4 BLK)
https://videos.nba.com/nba/pbp/media/2024/03/17/0022300981/12/b0c0bc04-a057-549c-bfb6-28f009bead7d_1280x720.mp4,MISS Bridges 10' Pullup Jump Shot#@#Wembanyama BLOCK (1 BLK)
https://videos.nba.com/nba/pbp/media/2024/03/17/0022300981/229/98f75a47-a8b8-9b87-785b-8def8a01d9b4_1280x720.mp4,MISS Thomas 5' Driving Layup#@#Wembanyama BLOCK (2 BLK)
https://videos.nba.com/nba/pbp/media/2024/03/17/0022300981/340/d70de823-31aa-c21c-2ce0-c6f3525046ff_1280x720.mp4,MISS Claxton Layup#@#Wembanyama BLOCK (3 BLK)
https://videos.nba.com/nba/pbp/media/2024/03/17/0022300981/342/7ae50098-3f75-7b40-9b21-6beb91ec9ac0_1280x720.mp4,MISS Claxton 2' Putback Layup#@#Wembanyama BLOCK (4 BLK)
https://videos.nba.com/nba/pbp/media/2024/03/17/0022300981/524/5e41060c-3e68-c14b-583b-11e61efbdb69_1280x720.mp4,MISS Smith Jr. 1' Running Finger Roll Layup#@#Wembanyama BLOCK (5 BLK)
https://videos.nba.com/nba/pbp/media/2024/03/17/0022300981/696/246d18fb-2674-d86b-fdbb-de6882a4a6eb_1280x720.mp4,MISS Finney-Smith 2' Running Dunk#@#Wembanyama BLOCK (6 BLK)
https://videos.nba.com/nba/pbp/media/2024/03/17/0022300981/723/d6f2a92a-b0b8-461f-2571-ba06f925c6c1_1280x720.mp4,MISS Schroder 2' Driving Finger Roll Layup#@#Wembanyama BLOCK (7 BLK)
https://videos.nba.com/nba/pbp/media/2024/02/10/0022300750/436/14d5c8a7-1107-d755-2c5b-ea30c1bf64f0_1280x720.mp4,MISS Claxton 7' Hook Shot#@#Wembanyama BLOCK (1 BLK)
https://videos.nba.com/nba/pbp/media/2023/11/08/0022300161/143/05453146-0899-bfe8-4a81-19ebd64e35c0_1280x720.mp4,MISS Hart 11' Pullup Jump Shot#@#Wembanyama BLOCK (1 BLK)
https://videos.nba.com/nba/pbp/media/2024/02/08/0022300734/35/1775bc6a-9dc0-4b23-2fd8-1195fe79aac1_1280x720.mp4,MISS Fultz 3' Driving Reverse Layup#@#Wembanyama BLOCK (1 BLK)
https://videos.nba.com/nba/pbp/media/2024/02/08/0022300734/198/5617f35c-4714-d032-5f85-bf5ab1438ae2_1280x720.mp4,MISS M. Wagner 6' Turnaround Hook Shot#@#Wembanyama BLOCK (2 BLK)
https://videos.nba.com/nba/pbp/media/2024/02/08/0022300734/485/31e57e01-29fc-de42-386f-23d87b9b8d3c_1280x720.mp4,MISS M. Wagner 2' Running Layup#@#Wembanyama BLOCK (3 BLK)
https://videos.nba.com/nba/pbp/media/2024/01/31/0022300681/53/774b02f0-7c0c-1aee-5820-ab3e94a89538_1280x720.mp4,MISS F. Wagner 4' Driving Layup#@#Wembanyama BLOCK (1 BLK)
https://videos.nba.com/nba/pbp/media/2024/01/31/0022300681/205/c187a787-fd1f-9f3c-ed13-b5a7cde0472a_1280x720.mp4,MISS Isaac 3' Reverse Layup#@#Wembanyama BLOCK (2 BLK)
https://videos.nba.com/nba/pbp/media/2024/01/31/0022300681/359/7a3cb011-b9e9-9297-a058-cfdb1ea3275b_1280x720.mp4,MISS Fultz 11' Turnaround Jump Shot#@#Wembanyama BLOCK (3 BLK)
https://videos.nba.com/nba/pbp/media/2024/01/31/0022300681/506/42e21d08-0ea0-ef60-40e1-b9ca02aa496e_1280x720.mp4,MISS M. Wagner 4' Driving Layup#@#Wembanyama BLOCK (4 BLK)
https://videos.nba.com/nba/pbp/media/2024/01/31/0022300681/651/265d3fe5-ce66-5bcd-eed1-deda297df6d7_1280x720.mp4,MISS Fultz 3' Driving Reverse Layup#@#Wembanyama BLOCK (5 BLK)
https://videos.nba.com/nba/pbp/media/2024/03/03/0022300877/177/36fdc1e0-39e2-e3e0-6996-6448cee709fb_1280x720.mp4,MISS Mathurin 3' Driving Finger Roll Layup#@#Wembanyama BLOCK (1 BLK)
https://videos.nba.com/nba/pbp/media/2024/03/03/0022300877/210/d8b87281-52e7-b36d-e600-3e60ce396200_1280x720.mp4,MISS Toppin 3' Driving Reverse Layup#@#Wembanyama BLOCK (2 BLK)
https://videos.nba.com/nba/pbp/media/2024/03/03/0022300877/333/a4f68397-85ff-38c2-8796-86c5a3ef490f_1280x720.mp4,MISS Nembhard 2' Driving Finger Roll Layup#@#Wembanyama BLOCK (3 BLK)
https://videos.nba.com/nba/pbp/media/2024/03/03/0022300877/366/540d8940-e156-f5a9-1fe3-efa62d0b2f36_1280x720.mp4,MISS Haliburton 1' Driving Layup#@#Wembanyama BLOCK (4 BLK)
https://videos.nba.com/nba/pbp/media/2024/03/03/0022300877/387/e9bf7e96-0ee8-bbab-e2d4-694c37cd6e90_1280x720.mp4,MISS Nesmith 3' Driving Layup#@#Wembanyama BLOCK (5 BLK)
https://videos.nba.com/nba/pbp/media/2024/03/03/0022300877/614/55ad8c7d-6dc9-f2c5-76c2-dec17107a9ae_1280x720.mp4,MISS Mathurin 2' Driving Layup#@#Wembanyama BLOCK (6 BLK)
https://videos.nba.com/nba/pbp/media/2023/11/06/0022300146/348/a5cadd2d-4e00-ce86-6b0e-53214d01f419_1280x720.mp4,MISS Haliburton 3' Driving Finger Roll Layup#@#Wembanyama BLOCK (1 BLK)
https://videos.nba.com/nba/pbp/media/2023/11/06/0022300146/382/50d907ea-6557-61fd-9232-fc5b064fe17c_1280x720.mp4,MISS Toppin 3' Turnaround Bank Shot#@#Wembanyama BLOCK (2 BLK)
https://videos.nba.com/nba/pbp/media/2024/01/22/0022300608/351/6a48af2c-6636-31d7-f6db-cb9598206b16_1280x720.mp4,MISS Embiid 15' Pullup Jump Shot#@#Wembanyama BLOCK (1 BLK)
https://videos.nba.com/nba/pbp/media/2024/01/22/0022300608/575/3189e838-1446-70d6-1fd2-72c0abd235f3_1280x720.mp4,MISS Martin 2' Driving Hook Shot#@#Wembanyama BLOCK (2 BLK)
https://videos.nba.com/nba/pbp/media/2024/03/23/0022301025/132/e42682fb-2044-def7-06d3-b63e0e5d5034_1280x720.mp4,MISS Gordon 5' Driving Layup#@#Wembanyama BLOCK (1 BLK)
https://videos.nba.com/nba/pbp/media/2023/11/02/0022300131/7/75361dd7-c007-c6d1-c3a2-18962e1a5f2a_1280x720.mp4,MISS Booker 3' Cutting Layup Shot#@#Wembanyama BLOCK (1 BLK)
https://videos.nba.com/nba/pbp/media/2023/11/02/0022300131/507/81453dfd-8870-f610-587d-2fbb935e083e_1280x720.mp4,MISS Eubanks 2' Cutting Dunk Shot#@#Wembanyama BLOCK (2 BLK)
https://videos.nba.com/nba/pbp/media/2023/10/31/0022300113/55/a7440ece-d9a8-ed63-ddd6-60609b93aa1a_1280x720.mp4,MISS Allen 26' 3PT Jump Shot#@#Wembanyama BLOCK (1 BLK)
https://videos.nba.com/nba/pbp/media/2023/10/31/0022300113/399/fba416f0-075d-08e7-5b9e-39079344957f_1280x720.mp4,MISS Nurkic 4' Hook Shot#@#Wembanyama BLOCK (2 BLK)
https://videos.nba.com/nba/pbp/media/2023/10/31/0022300113/522/d5c9441e-735f-6395-cfd5-d29c2710c5e2_1280x720.mp4,MISS Allen 1' Layup#@#Wembanyama BLOCK (3 BLK)
https://videos.nba.com/nba/pbp/media/2023/10/31/0022300113/543/38b3f9eb-f970-3317-2115-fc806aa0027e_1280x720.mp4,MISS Goodwin 27' 3PT Pullup Jump Shot#@#Wembanyama BLOCK (4 BLK)
https://videos.nba.com/nba/pbp/media/2024/01/26/0022300641/38/3f0929d7-776b-e6d4-e0a0-aa4e2b360a0f_1280x720.mp4,MISS Grant 18' Pullup Jump Shot#@#Wembanyama BLOCK (1 BLK)
https://videos.nba.com/nba/pbp/media/2024/01/26/0022300641/44/5c9a1516-7679-46b2-4cc9-13ab7bf9d89d_1280x720.mp4,MISS Simons 3' Running Layup#@#Wembanyama BLOCK (2 BLK)
https://videos.nba.com/nba/pbp/media/2023/12/28/0022300427/175/05beb0ab-5924-7584-22e3-9950023c3626_1280x720.mp4,MISS Brown 3' Putback Layup#@#Wembanyama BLOCK (1 BLK)
https://videos.nba.com/nba/pbp/media/2023/12/28/0022300427/178/f48775a7-974a-fb19-5050-3a9ab567e215_1280x720.mp4,MISS Brown 4' Hook Shot#@#Wembanyama BLOCK (2 BLK)
https://videos.nba.com/nba/pbp/media/2023/12/28/0022300427/210/8f1e70ed-0fec-318b-42f9-1d4c97baecdd_1280x720.mp4,MISS Henderson 4' Running Layup#@#Wembanyama BLOCK (3 BLK)
https://videos.nba.com/nba/pbp/media/2023/12/28/0022300427/343/dac2a415-0c0d-038e-8afc-9149631ae586_1280x720.mp4,MISS Henderson 4' Driving Layup#@#Wembanyama BLOCK (4 BLK)
https://videos.nba.com/nba/pbp/media/2023/12/28/0022300427/364/670fdf4c-4d82-a4a5-bdd2-7812406c3fbd_1280x720.mp4,MISS Grant 25' 3PT Fadeaway Jumper#@#Wembanyama BLOCK (5 BLK)
https://videos.nba.com/nba/pbp/media/2023/12/28/0022300427/426/05fff9b3-769f-00d5-9f72-c67fa54367c2_1280x720.mp4,MISS Brown 6' Layup#@#Wembanyama BLOCK (6 BLK)
https://videos.nba.com/nba/pbp/media/2023/12/28/0022300427/582/e2d2c36e-3f8b-5286-c6a1-18737daeee95_1280x720.mp4,MISS Henderson 9' Driving Floating Jump Shot#@#Wembanyama BLOCK (7 BLK)
https://videos.nba.com/nba/pbp/media/2024/02/22/0022300803/41/f3ba5104-4b65-582f-a995-859faf7992b6_1280x720.mp4,MISS Huerter 3' Driving Layup#@#Wembanyama BLOCK (1 BLK)
https://videos.nba.com/nba/pbp/media/2024/02/22/0022300803/162/861b9648-9d64-d86b-a959-ff741c37ff13_1280x720.mp4,MISS Sabonis 2' Reverse Layup#@#Wembanyama BLOCK (2 BLK)
https://videos.nba.com/nba/pbp/media/2024/02/22/0022300803/338/3805a837-11e3-0ee9-5ee3-cc665aebc8ce_1280x720.mp4,MISS Sabonis 1' Reverse Layup#@#Wembanyama BLOCK (3 BLK)
https://videos.nba.com/nba/pbp/media/2024/02/22/0022300803/495/a65f13ca-4394-d2df-7c47-84c1c0db6fc1_1280x720.mp4,MISS Len 5' Cutting Dunk Shot#@#Wembanyama BLOCK (4 BLK)
https://videos.nba.com/nba/pbp/media/2024/02/22/0022300803/504/66cab9ac-835d-5028-5830-08ea375bc25d_1280x720.mp4,MISS Len 2' Layup#@#Wembanyama BLOCK (5 BLK)
https://videos.nba.com/nba/pbp/media/2024/03/22/0022301015/384/19fcf1b8-094c-e254-e2ba-cbe536527df1_1280x720.mp4,MISS Jackson Jr. 4' Hook Shot#@#Wembanyama BLOCK (1 BLK)
https://videos.nba.com/nba/pbp/media/2024/03/22/0022301015/483/b99c38f2-9013-6c45-154a-56bc409678e6_1280x720.mp4,MISS Jackson 3' Driving Layup#@#Wembanyama BLOCK (2 BLK)
https://videos.nba.com/nba/pbp/media/2024/03/22/0022301015/531/ee47e81b-630e-9c6d-fea3-02498df7c0ee_1280x720.mp4,MISS Jackson 2' Driving Layup#@#Wembanyama BLOCK (3 BLK)
https://videos.nba.com/nba/pbp/media/2024/02/29/0022300853/55/7c212548-47c8-1600-33c3-576280ecb53f_1280x720.mp4,MISS Gilgeous-Alexander 1' Driving Layup#@#Wembanyama BLOCK (1 BLK)
https://videos.nba.com/nba/pbp/media/2024/02/29/0022300853/63/57daae49-e6fd-cfb1-6cb5-b68dce45a8d7_1280x720.mp4,MISS Gilgeous-Alexander 2' Driving Layup#@#Wembanyama BLOCK (2 BLK)
https://videos.nba.com/nba/pbp/media/2024/02/29/0022300853/227/945e6616-1f77-8ca6-d965-9ab91cb7ada9_1280x720.mp4,MISS Wiggins 1' Cutting Layup Shot#@#Wembanyama BLOCK (3 BLK)
https://videos.nba.com/nba/pbp/media/2024/02/29/0022300853/537/04bae6b5-d5bf-c22b-3663-6d4fd6c33be1_1280x720.mp4,MISS Jal. Williams 1' Driving Finger Roll Layup#@#Wembanyama BLOCK (4 BLK)
https://videos.nba.com/nba/pbp/media/2024/02/29/0022300853/635/f2647922-da48-cd77-e25e-966c0e85a6db_1280x720.mp4,MISS Holmgren 19' Step Back Jump Shot#@#Wembanyama BLOCK (5 BLK)
https://videos.nba.com/nba/pbp/media/2024/02/25/0022300825/16/1fc209a4-39fa-6514-26d5-1faf967887f9_1280x720.mp4,MISS Collins 3' Driving Layup#@#Wembanyama BLOCK (1 BLK)
https://videos.nba.com/nba/pbp/media/2024/02/25/0022300825/64/c4b9547c-c90b-ccdf-8a13-4002db54708d_1280x720.mp4,MISS Collins 4' Driving Layup#@#Wembanyama BLOCK (2 BLK)
https://videos.nba.com/nba/pbp/media/2024/02/25/0022300825/69/b174e31c-ee9f-5f7f-3bcc-8067d26ed6b7_1280x720.mp4,MISS George 4' Driving Layup#@#Wembanyama BLOCK (3 BLK)
https://videos.nba.com/nba/pbp/media/2024/02/25/0022300825/390/9940b4a0-7080-6414-5eda-082efec830f3_1280x720.mp4,MISS George 3' Driving Layup#@#Wembanyama BLOCK (4 BLK)
https://videos.nba.com/nba/pbp/media/2024/02/25/0022300825/415/2da4c2a2-cb85-d3d6-42f2-c2d1684325d5_1280x720.mp4,MISS Markkanen 4' Driving Dunk#@#Wembanyama BLOCK (5 BLK)
https://videos.nba.com/nba/pbp/media/2024/02/12/0022300764/7/f36fab5a-310d-d89d-880d-f6a775c2b801_1280x720.mp4,MISS Poeltl 2' Driving Layup#@#Wembanyama BLOCK (1 BLK)
https://videos.nba.com/nba/pbp/media/2024/02/12/0022300764/28/1e11f94e-53fb-c651-6525-ae3ab9541da4_1280x720.mp4,MISS Barrett 2' Layup#@#Wembanyama BLOCK (2 BLK)
https://videos.nba.com/nba/pbp/media/2024/02/12/0022300764/58/24848e01-94b4-8988-3753-44c3efd1f801_1280x720.mp4,MISS Poeltl Putback Layup#@#Wembanyama BLOCK (3 BLK)
https://videos.nba.com/nba/pbp/media/2024/02/12/0022300764/366/efbd8b55-54c1-4261-ad1f-fb1390481017_1280x720.mp4,MISS Poeltl 3' Cutting Layup Shot#@#Wembanyama BLOCK (4 BLK)
https://videos.nba.com/nba/pbp/media/2024/02/12/0022300764/373/70d1b415-073c-90c6-7fef-a687b7571ad8_1280x720.mp4,MISS Poeltl 4' Turnaround Hook Shot#@#Wembanyama BLOCK (5 BLK)
https://videos.nba.com/nba/pbp/media/2024/02/12/0022300764/378/fea1b60c-80c1-5397-0e68-e5a77390dab5_1280x720.mp4,MISS Barnes 4' Turnaround Hook Shot#@#Wembanyama BLOCK (6 BLK)
https://videos.nba.com/nba/pbp/media/2024/02/12/0022300764/381/3e12bc4e-38ac-7eec-16aa-52f27a3e7e4d_1280x720.mp4,MISS Barnes 4' Putback Layup#@#Wembanyama BLOCK (7 BLK)
https://videos.nba.com/nba/pbp/media/2024/02/12/0022300764/475/29d0f033-0d4e-0cf1-1527-9b25c2bd5c1c_1280x720.mp4,MISS Agbaji 2' Running Layup#@#Wembanyama BLOCK (8 BLK)
https://videos.nba.com/nba/pbp/media/2024/02/12/0022300764/492/669293ca-c13e-5f34-96fb-c70f110408cf_1280x720.mp4,MISS Barnes 1' Cutting Dunk Shot#@#Wembanyama BLOCK (9 BLK)
https://videos.nba.com/nba/pbp/media/2024/02/12/0022300764/602/854b8081-c413-b213-b71f-9eba8baef8d5_1280x720.mp4,MISS Dick 10' Tip Layup Shot#@#Wembanyama BLOCK (10 BLK)
https://videos.nba.com/nba/pbp/media/2024/01/29/0022300665/273/16e5eb09-2478-c7ef-bc2d-10ddb0b689e5_1280x720.mp4,MISS Gafford 3' Fadeaway Jumper#@#Wembanyama BLOCK (1 BLK)
https://videos.nba.com/nba/pbp/media/2024/01/29/0022300665/390/c7ea2161-cf2a-d971-6d92-095a0ec537ef_1280x720.mp4,MISS Avdija 7' Driving Floating Jump Shot#@#Wembanyama BLOCK (2 BLK)
https://videos.nba.com/nba/pbp/media/2024/01/29/0022300665/451/d4024a49-15de-d779-79e5-1b2e1cf26936_1280x720.mp4,MISS Kuzma 9' Driving Floating Jump Shot#@#Wembanyama BLOCK (3 BLK)
https://videos.nba.com/nba/pbp/media/2024/01/24/0022300622/27/b27f0f1f-0150-4bc3-e504-21b0a79f802b_1280x720.mp4,MISS Jal. Williams 2' Running Layup#@#Wembanyama BLOCK (1 BLK)
https://videos.nba.com/nba/pbp/media/2024/01/24/0022300622/40/1a9fb855-0258-84aa-0c89-4fd533cda577_1280x720.mp4,MISS Gilgeous-Alexander 2' Driving Layup#@#Wembanyama BLOCK (2 BLK)
https://videos.nba.com/nba/pbp/media/2024/01/24/0022300622/222/3503ff22-ac58-9fee-cccc-3dfa6a516b2f_1280x720.mp4,MISS Holmgren 5' Driving Finger Roll Layup#@#Wembanyama BLOCK (3 BLK)
https://videos.nba.com/nba/pbp/media/2024/01/24/0022300622/416/10209ab7-74df-d115-928c-a3e1051379e7_1280x720.mp4,MISS Giddey 2' Driving Finger Roll Layup#@#Wembanyama BLOCK (4 BLK)
https://videos.nba.com/nba/pbp/media/2024/01/20/0022300594/58/9abc8afb-74d0-2476-87d1-8204a6142128_1280x720.mp4,MISS Poole 5' Driving Layup#@#Wembanyama BLOCK (1 BLK)
https://videos.nba.com/nba/pbp/media/2024/01/20/0022300594/212/b7d9cd5a-e837-3b36-f042-1803b1542614_1280x720.mp4,MISS Wright 9' Floating Jump Shot#@#Wembanyama BLOCK (2 BLK)
https://videos.nba.com/nba/pbp/media/2024/01/20/0022300594/229/1c5d4ec6-7d91-14bc-e81c-99809cc3138a_1280x720.mp4,MISS Bagley III 7' Layup#@#Wembanyama BLOCK (3 BLK)
https://videos.nba.com/nba/pbp/media/2024/01/20/0022300594/369/c1c7e1c0-700f-5f6c-c4eb-851526de42ec_1280x720.mp4,MISS Bagley III 4' Driving Hook Shot#@#Wembanyama BLOCK (4 BLK)
https://videos.nba.com/nba/pbp/media/2024/01/20/0022300594/676/cfc2ecb9-5374-e95a-e6a8-485953c316e6_1280x720.mp4,MISS Jones 3' Driving Layup#@#Wembanyama BLOCK (5 BLK)
https://videos.nba.com/nba/pbp/media/2024/01/20/0022300594/683/bb3bc1c6-a080-65a1-3d24-92daac06fda5_1280x720.mp4,MISS Jones 5' Driving Finger Roll Layup#@#Wembanyama BLOCK (6 BLK)
https://videos.nba.com/nba/pbp/media/2024/01/12/0022300541/220/b6360e5a-ac08-70f6-9944-720a1078bc64_1280x720.mp4,MISS Richards Putback Layup#@#Wembanyama BLOCK (1 BLK)
https://videos.nba.com/nba/pbp/media/2024/01/12/0022300541/250/05a7f6e5-dd58-f962-f089-b7747b964620_1280x720.mp4,MISS Richards 2' Dunk#@#Wembanyama BLOCK (2 BLK)
https://videos.nba.com/nba/pbp/media/2024/01/02/0022300460/14/46f033c4-c262-8873-41c7-a483d0c79f1a_1280x720.mp4,MISS Morant 5' Driving Finger Roll Layup#@#Wembanyama BLOCK (1 BLK)
https://videos.nba.com/nba/pbp/media/2024/01/02/0022300460/19/5761f175-3d6f-cdca-bf3d-c4724581b008_1280x720.mp4,MISS Jackson Jr. 5' Turnaround Hook Shot#@#Wembanyama BLOCK (2 BLK)
https://videos.nba.com/nba/pbp/media/2024/01/02/0022300460/199/801a612b-0298-1a84-6d8b-a93088d22a15_1280x720.mp4,MISS Jackson Jr. 6' Driving Floating Bank Jump Shot#@#Wembanyama BLOCK (3 BLK)
https://videos.nba.com/nba/pbp/media/2024/01/02/0022300460/241/13012058-4e36-3834-e1ab-0a90222c8f77_1280x720.mp4,MISS Jackson Jr. 2' Running Dunk#@#Wembanyama BLOCK (4 BLK)
https://videos.nba.com/nba/pbp/media/2023/12/26/0022300412/28/9048eb94-0470-cb79-30ca-31b21f54e64e_1280x720.mp4,MISS Olynyk 5' Hook Shot#@#Wembanyama BLOCK (1 BLK)
https://videos.nba.com/nba/pbp/media/2023/12/26/0022300412/361/4d149706-90a6-25ed-fb41-24d7ea227d0d_1280x720.mp4,MISS Collins 3' Driving Reverse Layup#@#Wembanyama BLOCK (2 BLK)
https://videos.nba.com/nba/pbp/media/2023/12/26/0022300412/376/df0df745-d992-57d2-5f17-60d9f766409e_1280x720.mp4,MISS Collins 24' 3PT Jump Shot#@#Wembanyama BLOCK (3 BLK)
https://videos.nba.com/nba/pbp/media/2023/12/26/0022300412/556/7163e3c2-aed8-7bc9-f071-ef4f92a5c3a1_1280x720.mp4,MISS George 2' Driving Layup#@#Wembanyama BLOCK (4 BLK)
https://videos.nba.com/nba/pbp/media/2023/12/26/0022300412/650/2db5e400-0e8c-7d66-d21e-3d69413e4925_1280x720.mp4,MISS Clarkson 7' Driving Floating Jump Shot#@#Wembanyama BLOCK (5 BLK)
https://videos.nba.com/nba/pbp/media/2023/11/18/0022300206/26/ee8cd73b-8bb2-3d9e-9a3a-8336d8b52a75_1280x720.mp4,MISS Bane 5' Driving Layup#@#Wembanyama BLOCK (1 BLK)
https://videos.nba.com/nba/pbp/media/2023/11/18/0022300206/185/546e4129-9e98-4a22-db06-b2eec628d761_1280x720.mp4,MISS Williams 4' Driving Layup#@#Wembanyama BLOCK (2 BLK)
https://videos.nba.com/nba/pbp/media/2023/11/18/0022300206/213/bb82bb85-0b18-c0b7-1446-9b4a56c08bc2_1280x720.mp4,MISS Lofton Jr. 4' Reverse Layup#@#Wembanyama BLOCK (3 BLK)
https://videos.nba.com/nba/pbp/media/2023/11/18/0022300206/429/3b6552c1-6167-9831-48e1-34d0ac088dfa_1280x720.mp4,MISS Biyombo 8' Hook Shot#@#Wembanyama BLOCK (4 BLK)
https://videos.nba.com/nba/pbp/media/2023/11/18/0022300206/553/7b83408b-58a5-b3bc-6db7-dbf4c786b8b0_1280x720.mp4,MISS Jackson Jr. 1' Layup#@#Wembanyama BLOCK (5 BLK)
https://videos.nba.com/nba/pbp/media/2023/11/18/0022300206/645/2f9db764-2a05-11e0-b436-7ff54d743f50_1280x720.mp4,MISS Jackson Jr. 5' Pullup Jump Shot#@#Wembanyama BLOCK (6 BLK)
https://videos.nba.com/nba/pbp/media/2023/11/18/0022300206/680/88567392-3c76-59fa-7718-2d9f06f1adf9_1280x720.mp4,MISS Bane 3' Driving Reverse Layup#@#Wembanyama BLOCK (7 BLK)
https://videos.nba.com/nba/pbp/media/2023/11/18/0022300206/694/c2c360c5-53fa-f88c-6ed5-a09bbfd462bb_1280x720.mp4,MISS Jackson Jr. 5' Layup#@#Wembanyama BLOCK (8 BLK)
https://videos.nba.com/nba/pbp/media/2023/11/14/0022300021/198/97a80d58-623c-6021-08de-2b07f66ecedd_1280x720.mp4,MISS Jal. Williams 4' Driving Layup#@#Wembanyama BLOCK (1 BLK)
https://videos.nba.com/nba/pbp/media/2023/11/14/0022300021/599/0fac14b7-8412-298c-8f00-ea110ef38984_1280x720.mp4,MISS Holmgren 6' Layup#@#Wembanyama BLOCK (2 BLK)
https://videos.nba.com/nba/pbp/media/2023/11/05/0022300141/33/475912c1-cb52-d569-4797-9b9eaa417930_1280x720.mp4,MISS Poeltl 7' Hook Shot#@#Wembanyama BLOCK (1 BLK)
https://videos.nba.com/nba/pbp/media/2023/11/05/0022300141/147/1d316b7c-b7bd-f7ef-c49e-8c11db3d364a_1280x720.mp4,MISS Anunoby 2' Driving Layup#@#Wembanyama BLOCK (2 BLK)
https://videos.nba.com/nba/pbp/media/2023/11/05/0022300141/179/f0352ad8-5728-e80f-7b8b-a70ef501bf09_1280x720.mp4,MISS McDaniels 1' Cutting Layup Shot#@#Wembanyama BLOCK (3 BLK)
https://videos.nba.com/nba/pbp/media/2023/11/05/0022300141/364/6fcfe5f1-7d90-2d22-b79f-028e44bce349_1280x720.mp4,MISS Anunoby 3PT Jump Shot#@#Wembanyama BLOCK (4 BLK)
https://videos.nba.com/nba/pbp/media/2023/11/05/0022300141/468/c24a38c3-14c5-1a5e-eb6c-5da6fbee852a_1280x720.mp4,MISS Barnes Putback Layup#@#Wembanyama BLOCK (5 BLK)
https://videos.nba.com/nba/pbp/media/2024/03/27/0022301058/198/c051df08-567f-9f08-113a-2f309b899fc5_1280x720.mp4,MISS Sexton 4' Driving Layup#@#Wembanyama BLOCK (1 BLK)
https://videos.nba.com/nba/pbp/media/2024/03/27/0022301058/220/ffe99a9f-d32e-efd1-916d-8f67a59bd263_1280x720.mp4,MISS Markkanen 2' Dunk#@#Wembanyama BLOCK (2 BLK)
https://videos.nba.com/nba/pbp/media/2024/03/27/0022301058/238/0dcd39a9-2220-25e8-74aa-0bdf178bf59e_1280x720.mp4,MISS Sexton 3' Driving Layup#@#Wembanyama BLOCK (3 BLK)
https://videos.nba.com/nba/pbp/media/2024/03/27/0022301058/349/e35fc95f-16d6-8880-968b-97b4736004bf_1280x720.mp4,MISS Collins 7' Driving Floating Jump Shot#@#Wembanyama BLOCK (4 BLK)
https://videos.nba.com/nba/pbp/media/2024/03/27/0022301058/632/9833d3f9-00be-c6bb-eb54-bc73171a7748_1280x720.mp4,MISS Kessler 4' Putback Layup#@#Wembanyama BLOCK (5 BLK)
