https://videos.nba.com/nba/pbp/media/2024/01/15/0022300559/449/8cbbd245-92f3-371c-a046-9c3ac6915232_1280x720.mp4,Wembanyama Putback Dunk (2 PTS)
https://videos.nba.com/nba/pbp/media/2024/01/15/0022300559/463/1211c751-88e7-5b1e-fd9d-fb5e15975c13_1280x720.mp4,Wembanyama 1' Dunk (4 PTS) (Jones 2 AST)
https://videos.nba.com/nba/pbp/media/2024/01/15/0022300559/489/85d21c26-6692-1db4-a21d-3a409152ace0_1280x720.mp4,Wembanyama Running Alley Oop Dunk Shot (6 PTS) (Jones 5 AST)
https://videos.nba.com/nba/pbp/media/2024/01/15/0022300559/555/2d09dcae-b629-459b-44b9-67181e14fb73_1280x720.mp4,Wembanyama 1' Driving Dunk (13 PTS) (Jones 8 AST)
https://videos.nba.com/nba/pbp/media/2024/01/15/0022300559/628/41fc5207-a02a-f163-6215-855faebf3a45_1280x720.mp4,Wembanyama 1' Running Dunk (15 PTS) (Sochan 2 AST)
https://videos.nba.com/nba/pbp/media/2024/01/15/0022300559/632/b3ff7a5f-010e-6942-08b6-f39ebf33ab13_1280x720.mp4,Wembanyama 1' Cutting Dunk Shot (17 PTS) (Sochan 3 AST)
https://videos.nba.com/nba/pbp/media/2024/01/15/0022300559/646/ada057d8-8d04-3f96-bb07-a9c96ceab82a_1280x720.mp4,Wembanyama 1' Cutting Dunk Shot (20 PTS) (Jones 10 AST)
https://videos.nba.com/nba/pbp/media/2024/01/15/0022300559/652/8192a467-ce6d-3cf7-f633-bff0d1d0eb16_1280x720.mp4,Wembanyama 2' Alley Oop Dunk (22 PTS) (Jones 11 AST)
https://videos.nba.com/nba/pbp/media/2024/01/15/0022300559/668/57873e9a-9155-4bb8-236d-6f25981f315a_1280x720.mp4,Wembanyama 1' Driving Dunk (24 PTS) (Sochan 4 AST)
https://videos.nba.com/nba/pbp/media/2023/11/30/0022300272/263/ded751f5-916e-e61c-22f7-4063aa8bb8e6_1280x720.mp4,Wembanyama Tip Dunk Shot (12 PTS)
https://videos.nba.com/nba/pbp/media/2023/11/30/0022300272/393/ce7fdb30-87d6-0cb9-172e-835652e78109_1280x720.mp4,Wembanyama 1' Cutting Dunk Shot (16 PTS) (Collins 6 AST)
https://videos.nba.com/nba/pbp/media/2024/01/17/0022300571/20/00e2c4e2-d093-caf8-1653-ed09b992359d_1280x720.mp4,Wembanyama 2' Alley Oop Dunk (2 PTS) (Sochan 2 AST)
https://videos.nba.com/nba/pbp/media/2024/01/17/0022300571/530/181a33d0-f5a6-8a6b-68ec-1d8a9202af65_1280x720.mp4,Wembanyama 4' Dunk (27 PTS) (Jones 10 AST)
https://videos.nba.com/nba/pbp/media/2023/12/31/0022300448/160/56654a69-6524-b0ed-7e86-4fbb0c3476eb_1280x720.mp4,Wembanyama 1' Alley Oop Dunk (10 PTS) (Jones 1 AST)
https://videos.nba.com/nba/pbp/media/2023/12/31/0022300448/335/4a6d8d94-74ea-659b-b727-4f99065ccce3_1280x720.mp4,Wembanyama 1' Running Dunk (17 PTS)
https://videos.nba.com/nba/pbp/media/2023/12/31/0022300448/356/e7cb6a1d-0ec4-9841-0157-b8e435573eb7_1280x720.mp4,Wembanyama Tip Dunk Shot (19 PTS)
https://videos.nba.com/nba/pbp/media/2024/02/03/0022300703/203/79d721bf-7927-0c48-9313-9f844d8e0e36_1280x720.mp4,Wembanyama 5' Running Alley Oop Dunk Shot (8 PTS) (Vassell 2 AST)
https://videos.nba.com/nba/pbp/media/2024/02/03/0022300703/414/c4fe3789-2238-0501-c180-fde4695304b4_1280x720.mp4,Wembanyama 2' Dunk (11 PTS) (Sochan 2 AST)
https://videos.nba.com/nba/pbp/media/2024/01/07/0022300497/341/5fb7d71a-2e38-c55a-ca55-b403468ba6fd_1280x720.mp4,Wembanyama 1' Running Dunk (16 PTS)
https://videos.nba.com/nba/pbp/media/2024/02/02/0022300696/225/4ce82b8c-6358-8a42-54ca-9577f3539945_1280x720.mp4,Wembanyama 1' Dunk (11 PTS) (Branham 1 AST)
https://videos.nba.com/nba/pbp/media/2023/12/17/0022300345/21/cdf45651-5ff6-86d3-9fff-4e31d74f335d_1280x720.mp4,Wembanyama 2' Alley Oop Dunk (4 PTS) (Vassell 2 AST)
https://videos.nba.com/nba/pbp/media/2023/12/17/0022300345/574/b152aa5d-7412-ba2f-32a3-317fde4e5b0c_1280x720.mp4,Wembanyama 3' Dunk (15 PTS) (Johnson 2 AST)
https://videos.nba.com/nba/pbp/media/2023/12/21/0022300376/367/d96c060e-5f34-bd34-9a24-81ac5060c25c_1280x720.mp4,Wembanyama Running Dunk (2 PTS) (Branham 1 AST)
https://videos.nba.com/nba/pbp/media/2023/12/21/0022300376/543/64d8e93a-d060-cdbc-904f-c5b619cd5e58_1280x720.mp4,Wembanyama Dunk (5 PTS) (Osman 2 AST)
https://videos.nba.com/nba/pbp/media/2023/12/08/0022301223/209/380c18cc-a029-c9e2-926a-1b40fd08bb68_1280x720.mp4,Wembanyama 2' Alley Oop Dunk (6 PTS) (Jones 3 AST)
https://videos.nba.com/nba/pbp/media/2023/12/08/0022301223/575/9e82ccfd-0a4c-1156-fa53-939fa2616995_1280x720.mp4,Wembanyama 2' Driving Reverse Dunk Shot (20 PTS) (Jones 7 AST)
https://videos.nba.com/nba/pbp/media/2024/03/19/0022300994/18/4f373985-5b40-e952-d721-ebb44678fd30_1280x720.mp4,Wembanyama 2' Cutting Dunk Shot (2 PTS) (Sochan 1 AST)
https://videos.nba.com/nba/pbp/media/2024/03/19/0022300994/691/8475dfed-527c-876f-0364-7a8f814a985b_1280x720.mp4,Wembanyama 1' Driving Dunk (12 PTS) (Jones 9 AST)
https://videos.nba.com/nba/pbp/media/2024/02/14/0022300785/565/f2f5b1bd-b128-9ff0-ee3a-8419f0504672_1280x720.mp4,Wembanyama 2' Alley Oop Dunk (24 PTS) (Vassell 5 AST)
https://videos.nba.com/nba/pbp/media/2023/10/25/0022300073/609/ea02ffe3-1bce-c80e-57de-8aebd16db5d6_1280x720.mp4,Wembanyama Alley Oop Dunk (8 PTS) (Vassell 3 AST)
https://videos.nba.com/nba/pbp/media/2023/10/25/0022300073/636/eea119d2-c7a4-21a1-cb5a-cce782ed864e_1280x720.mp4,Wembanyama 1' Dunk (13 PTS) (Jones 5 AST)
https://videos.nba.com/nba/pbp/media/2024/03/15/0022300965/636/659372bd-5fd1-fc41-a2ca-f87d858f40c1_1280x720.mp4,Wembanyama Tip Dunk Shot (17 PTS)
https://videos.nba.com/nba/pbp/media/2023/11/26/0022300252/524/9bed65ed-4fb3-067b-c94d-5715fb2c5bc5_1280x720.mp4,Wembanyama 1' Alley Oop Dunk (19 PTS) (Osman 3 AST)
https://videos.nba.com/nba/pbp/media/2024/03/11/0022300936/164/ba463d53-c132-1ca9-5871-619dc19fba5d_1280x720.mp4,Wembanyama 1' Running Dunk (9 PTS)
https://videos.nba.com/nba/pbp/media/2024/03/11/0022300936/362/430908e6-83cc-27d5-e91e-71ace1b228d1_1280x720.mp4,Wembanyama 1' Dunk (15 PTS) (Champagnie 2 AST)
https://videos.nba.com/nba/pbp/media/2023/11/24/0022300051/30/254cfb28-1fea-092d-251a-4ea21e409366_1280x720.mp4,Wembanyama 1' Running Dunk (2 PTS) (Johnson 1 AST)
https://videos.nba.com/nba/pbp/media/2023/11/24/0022300051/649/0944eb17-0f07-aaea-c573-895a328e81ce_1280x720.mp4,Wembanyama 3' Dunk (21 PTS) (Johnson 4 AST)
https://videos.nba.com/nba/pbp/media/2024/03/12/0022300942/46/25677be6-58c9-e062-9d83-83c81d0424d3_1280x720.mp4,Wembanyama 1' Alley Oop Dunk (2 PTS) (Jones 1 AST)
https://videos.nba.com/nba/pbp/media/2024/03/12/0022300942/477/a5d7a32b-bd0d-a268-11c5-caca0ef3e68a_1280x720.mp4,Wembanyama 3' Driving Dunk (7 PTS) (Branham 3 AST)
https://videos.nba.com/nba/pbp/media/2024/03/05/0022300891/166/c997f86d-7199-fbf8-4fe4-fb6aae4830a4_1280x720.mp4,Wembanyama 3' Dunk (7 PTS) (Wesley 2 AST)
https://videos.nba.com/nba/pbp/media/2023/12/11/0022300298/219/d23f2ac7-3f28-9100-935c-81c39a7c24ff_1280x720.mp4,Wembanyama 1' Dunk (7 PTS) (Branham 3 AST)
https://videos.nba.com/nba/pbp/media/2023/12/11/0022300298/429/114ff483-a403-862b-3ac4-b4c801cd5c41_1280x720.mp4,Wembanyama 2' Cutting Dunk Shot (11 PTS) (Branham 5 AST)
https://videos.nba.com/nba/pbp/media/2023/10/27/0022300083/29/e9d359b4-8b1e-98aa-661d-dcbacc6ce47f_1280x720.mp4,Wembanyama 2' Running Alley Oop Dunk Shot (4 PTS) (Johnson 1 AST)
https://videos.nba.com/nba/pbp/media/2023/10/27/0022300083/542/7f132bca-c524-ae25-859b-1d2721f6c491_1280x720.mp4,Wembanyama 4' Alley Oop Dunk (10 PTS) (Jones 5 AST)
https://videos.nba.com/nba/pbp/media/2023/10/27/0022300083/566/c707024c-5bdb-a47f-6e5d-a7d0ff51d4f1_1280x720.mp4,Wembanyama 3' Driving Reverse Dunk Shot (12 PTS)
https://videos.nba.com/nba/pbp/media/2023/11/22/0022300235/326/4b5e3326-d06d-57e4-44ba-d689a18dc2b6_1280x720.mp4,Wembanyama 4' Cutting Dunk Shot (10 PTS) (Vassell 3 AST)
https://videos.nba.com/nba/pbp/media/2023/11/22/0022300235/386/754e2ec7-8781-bcd4-9485-5bdc616629cd_1280x720.mp4,Wembanyama 3' Alley Oop Dunk (14 PTS) (Collins 2 AST)
https://videos.nba.com/nba/pbp/media/2023/11/22/0022300235/675/37f974c2-262a-aa9c-c13b-9c0c3361b399_1280x720.mp4,Wembanyama 4' Dunk (22 PTS) (Johnson 6 AST)
https://videos.nba.com/nba/pbp/media/2024/02/23/0022300813/53/5cb21691-00a4-f550-9ce4-6697c9c7c7b6_1280x720.mp4,Wembanyama 5' Dunk (13 PTS) (Sochan 2 AST)
https://videos.nba.com/nba/pbp/media/2024/02/23/0022300813/347/fc38f57b-47cf-8d1e-8518-31caa64af247_1280x720.mp4,Wembanyama 2' Running Alley Oop Dunk Shot (20 PTS) (Sochan 4 AST)
https://videos.nba.com/nba/pbp/media/2023/12/15/0022300331/98/949cbdb7-d4d3-10eb-725a-d1341afa8d3d_1280x720.mp4,Wembanyama 1' Cutting Dunk Shot (4 PTS) (Branham 3 AST)
https://videos.nba.com/nba/pbp/media/2023/12/15/0022300331/567/05b349a8-1e09-2a13-c622-8325c573c9ef_1280x720.mp4,Wembanyama 1' Driving Dunk (13 PTS) (Osman 6 AST)
https://videos.nba.com/nba/pbp/media/2023/12/13/0022300316/327/add5409a-e8db-ddf1-265d-40fabb42102b_1280x720.mp4,Wembanyama 2' Driving Dunk (10 PTS) (Vassell 2 AST)
https://videos.nba.com/nba/pbp/media/2023/12/13/0022300316/332/e79acb56-d42a-6feb-d9c1-27747e911fd0_1280x720.mp4,Wembanyama 2' Running Alley Oop Dunk Shot (12 PTS) (Johnson 2 AST)
https://videos.nba.com/nba/pbp/media/2023/12/13/0022300316/514/174dd17a-f4ea-aa25-091d-71641ba1f1c7_1280x720.mp4,Wembanyama Tip Dunk Shot (18 PTS)
https://videos.nba.com/nba/pbp/media/2024/02/07/0022300730/201/19da4fbc-07fc-ee2c-43e8-6fe656d34b05_1280x720.mp4,Wembanyama 4' Cutting Dunk Shot (7 PTS) (Wesley 4 AST)
https://videos.nba.com/nba/pbp/media/2023/11/12/0022300184/153/99ebb096-cf7d-255f-5f67-3c92bd47d63b_1280x720.mp4,Wembanyama 1' Cutting Dunk Shot (4 PTS) (McDermott 1 AST)
https://videos.nba.com/nba/pbp/media/2023/11/12/0022300184/171/5296f941-6b65-3828-59cc-4db294c88fbb_1280x720.mp4,Wembanyama 1' Cutting Dunk Shot (8 PTS) (Johnson 1 AST)
https://videos.nba.com/nba/pbp/media/2023/11/12/0022300184/508/c3e67849-983f-4fea-f8a4-6f6a30064d34_1280x720.mp4,Wembanyama 2' Alley Oop Dunk (15 PTS) (Branham 4 AST)
https://videos.nba.com/nba/pbp/media/2024/01/04/0022300477/187/2e5ed017-e20f-dc93-03b3-cae54ce14ffa_1280x720.mp4,Wembanyama 1' Dunk (6 PTS)
https://videos.nba.com/nba/pbp/media/2024/01/04/0022300477/314/9685f97f-c2e1-200c-3c56-9e44b1d998bc_1280x720.mp4,Wembanyama Tip Dunk Shot (8 PTS)
https://videos.nba.com/nba/pbp/media/2024/01/04/0022300477/346/41b108d4-bbf9-b131-2a7f-fe3e0ac03795_1280x720.mp4,Wembanyama 1' Running Dunk (12 PTS)
https://videos.nba.com/nba/pbp/media/2024/01/04/0022300477/400/a00c0056-184e-efdb-9ec3-e81a9030fb9f_1280x720.mp4,Wembanyama 1' Cutting Dunk Shot (21 PTS) (Sochan 3 AST)
https://videos.nba.com/nba/pbp/media/2024/02/27/0022300838/23/5d1cc43a-c4f9-040b-ccb3-ccec74c4dae8_1280x720.mp4,Wembanyama 1' Driving Dunk (2 PTS)
https://videos.nba.com/nba/pbp/media/2024/02/27/0022300838/561/ac106a7d-5a80-2745-b4ff-46cd9429494e_1280x720.mp4,Wembanyama 2' Alley Oop Dunk (13 PTS) (Vassell 4 AST)
https://videos.nba.com/nba/pbp/media/2024/02/27/0022300838/569/38885cce-72bf-1f1c-842e-e1ea21c1dc1d_1280x720.mp4,Wembanyama 2' Running Dunk (15 PTS) (Vassell 5 AST)
https://videos.nba.com/nba/pbp/media/2024/01/27/0022300649/59/84f38bc4-84d7-6331-d5d6-b40e07f76f57_1280x720.mp4,Wembanyama 2' Running Alley Oop Dunk Shot (12 PTS) (Jones 4 AST)
https://videos.nba.com/nba/pbp/media/2024/01/27/0022300649/363/e29e3e94-b037-e5cb-d105-176f4650a69a_1280x720.mp4,Wembanyama 1' Alley Oop Dunk (20 PTS) (Vassell 3 AST)
https://videos.nba.com/nba/pbp/media/2023/12/06/0022301210/504/2eba56d2-9ffd-e5cd-df6a-9e62ff085e04_1280x720.mp4,Wembanyama 2' Alley Oop Dunk (8 PTS) (McDermott 2 AST)
https://videos.nba.com/nba/pbp/media/2023/11/10/0022300013/20/7d1bb5a2-7234-bde2-bef7-abb4fa39060d_1280x720.mp4,Wembanyama 2' Driving Dunk (2 PTS) (Vassell 1 AST)
https://videos.nba.com/nba/pbp/media/2023/11/10/0022300013/553/0866fcbd-08b2-9923-d172-a68e0f74f378_1280x720.mp4,Wembanyama 1' Alley Oop Dunk (20 PTS) (McDermott 1 AST)
https://videos.nba.com/nba/pbp/media/2023/11/10/0022300013/648/f303e804-b605-4ebd-8c78-f76f385609b2_1280x720.mp4,Wembanyama 1' Alley Oop Dunk (26 PTS) (Jones 3 AST)
https://videos.nba.com/nba/pbp/media/2024/03/17/0022300981/38/95078363-5dc0-5279-66db-193cf92bb5e4_1280x720.mp4,Wembanyama 1' Running Dunk (4 PTS) (Sochan 2 AST)
https://videos.nba.com/nba/pbp/media/2024/03/17/0022300981/381/7d0ff21b-0979-190d-ff39-a94486379919_1280x720.mp4,Wembanyama 2' Alley Oop Dunk (18 PTS) (Vassell 4 AST)
https://videos.nba.com/nba/pbp/media/2024/03/17/0022300981/645/52b3f8ba-781d-05ad-a1e4-c6472dd0c424_1280x720.mp4,Wembanyama 1' Dunk (29 PTS) (Vassell 6 AST)
https://videos.nba.com/nba/pbp/media/2024/03/17/0022300981/718/3000e0cd-7c10-022d-3ccd-14ca31de0c28_1280x720.mp4,Wembanyama 1' Alley Oop Dunk (33 PTS) (Vassell 8 AST)
https://videos.nba.com/nba/pbp/media/2023/11/08/0022300161/520/d22112a8-5589-4c63-c6f3-f8ffda59ea6f_1280x720.mp4,Wembanyama 1' Cutting Dunk Shot (11 PTS) (Johnson 7 AST)
https://videos.nba.com/nba/pbp/media/2024/01/31/0022300681/51/f6f495ce-dc76-4457-11b7-ae115210a937_1280x720.mp4,Wembanyama 3' Dunk (9 PTS) (Champagnie 1 AST)
https://videos.nba.com/nba/pbp/media/2024/03/03/0022300877/9/391fcc47-2cea-666c-4479-1796286f10db_1280x720.mp4,Wembanyama Tip Dunk Shot (2 PTS)
https://videos.nba.com/nba/pbp/media/2024/03/03/0022300877/157/79d48e57-532c-197c-9d74-117951d0ebe9_1280x720.mp4,Wembanyama Alley Oop Dunk (6 PTS) (Johnson 1 AST)
https://videos.nba.com/nba/pbp/media/2024/03/03/0022300877/175/53018ba8-54f9-8eda-a623-f595f464b8b7_1280x720.mp4,Wembanyama 1' Driving Dunk (8 PTS) (Osman 1 AST)
https://videos.nba.com/nba/pbp/media/2024/01/22/0022300608/56/b41076bb-8247-3a1e-d5c3-fe3deddb776b_1280x720.mp4,Wembanyama 1' Alley Oop Dunk (10 PTS) (Vassell 3 AST)
https://videos.nba.com/nba/pbp/media/2024/01/22/0022300608/184/cf6f3805-3508-c1e8-99e8-92c30994018d_1280x720.mp4,Wembanyama 1' Cutting Dunk Shot (14 PTS) (Vassell 4 AST)
https://videos.nba.com/nba/pbp/media/2024/01/22/0022300608/192/d7a33acc-e367-a0bd-97db-fcbb6a3736a7_1280x720.mp4,Wembanyama 1' Driving Dunk (16 PTS) (Vassell 5 AST)
https://videos.nba.com/nba/pbp/media/2024/03/23/0022301025/26/9bd3bd4d-4d53-2120-d258-03738ea83bac_1280x720.mp4,Wembanyama 2' Running Alley Oop Dunk Shot (2 PTS) (Vassell 1 AST)
https://videos.nba.com/nba/pbp/media/2024/03/23/0022301025/357/fdbcba57-4dbb-3b51-1f91-6ebd4e212d0c_1280x720.mp4,Wembanyama 1' Cutting Dunk Shot (13 PTS) (Sochan 2 AST)
https://videos.nba.com/nba/pbp/media/2023/11/02/0022300131/36/2d5646a6-42ee-40a9-75f6-b1dcbbbcb7c7_1280x720.mp4,Wembanyama 1' Running Dunk (2 PTS) (Sochan 2 AST)
https://videos.nba.com/nba/pbp/media/2023/11/02/0022300131/131/fe7c6703-53a8-cda0-07bc-5bea57a08d51_1280x720.mp4,Wembanyama 2' Putback Dunk (7 PTS)
https://videos.nba.com/nba/pbp/media/2023/11/02/0022300131/185/22507568-9fc0-e1c9-eede-5a39738c8dc9_1280x720.mp4,Wembanyama Alley Oop Dunk (9 PTS) (Jones 3 AST)
https://videos.nba.com/nba/pbp/media/2023/11/02/0022300131/311/57378be6-4fab-ded0-9ef4-e6de005ff884_1280x720.mp4,Wembanyama 1' Running Dunk (14 PTS) (Jones 7 AST)
https://videos.nba.com/nba/pbp/media/2023/11/02/0022300131/480/dc14cae0-77c2-3874-2d2d-875d0198a16c_1280x720.mp4,Wembanyama 2' Alley Oop Dunk (28 PTS) (Jones 9 AST)
https://videos.nba.com/nba/pbp/media/2023/11/02/0022300131/619/595bbf38-9e99-969c-0cc1-7c0c9cca2608_1280x720.mp4,Wembanyama 4' Cutting Dunk Shot (33 PTS) (Collins 3 AST)
https://videos.nba.com/nba/pbp/media/2023/10/31/0022300113/344/2f3f519e-9c83-a70b-90f6-4d640a0f0724_1280x720.mp4,Wembanyama 4' Driving Dunk (6 PTS) (Sochan 2 AST)
https://videos.nba.com/nba/pbp/media/2023/10/31/0022300113/669/3f2ca4f5-6241-0fc6-cb66-3e892bdb8d82_1280x720.mp4,Wembanyama Tip Dunk Shot (18 PTS)
https://videos.nba.com/nba/pbp/media/2024/01/26/0022300641/59/f2e287eb-2c93-d105-1476-e408347686e7_1280x720.mp4,Wembanyama 2' Running Alley Oop Dunk Shot (2 PTS) (Jones 4 AST)
https://videos.nba.com/nba/pbp/media/2024/01/26/0022300641/209/54160411-d971-2f40-b43a-996734fe1c68_1280x720.mp4,Wembanyama 2' Running Alley Oop Dunk Shot (6 PTS) (Osman 1 AST)
https://videos.nba.com/nba/pbp/media/2023/12/28/0022300427/66/a8394412-d1b9-0393-3de9-1ddda7b1bada_1280x720.mp4,Wembanyama 2' Running Dunk (9 PTS) (Branham 2 AST)
https://videos.nba.com/nba/pbp/media/2023/12/28/0022300427/598/a168b6bc-6024-e22e-0f50-c913e8d0899c_1280x720.mp4,Wembanyama 2' Running Alley Oop Dunk Shot (26 PTS) (Jones 5 AST)
https://videos.nba.com/nba/pbp/media/2023/12/28/0022300427/711/dc3a67b1-319b-9e25-7312-cace1e36ad69_1280x720.mp4,Wembanyama 4' Alley Oop Dunk (30 PTS) (Vassell 7 AST)
https://videos.nba.com/nba/pbp/media/2024/02/22/0022300803/53/ee816b52-b6bc-eb01-7ca4-ca57e2dadf45_1280x720.mp4,Wembanyama 1' Dunk (4 PTS) (Jones 2 AST)
https://videos.nba.com/nba/pbp/media/2024/02/22/0022300803/198/5dd6a7a2-06c0-38dd-81af-04e704070543_1280x720.mp4,Wembanyama 1' Dunk (6 PTS) (Osman 1 AST)
https://videos.nba.com/nba/pbp/media/2024/02/22/0022300803/324/1e7401ad-a1da-8a88-4151-7579773425f1_1280x720.mp4,Wembanyama Tip Dunk Shot (10 PTS)
https://videos.nba.com/nba/pbp/media/2023/11/17/0022300032/18/3141a368-69c0-6dd0-77de-7df29016c15f_1280x720.mp4,Wembanyama 2' Cutting Dunk Shot (4 PTS) (Champagnie 1 AST)
https://videos.nba.com/nba/pbp/media/2023/11/17/0022300032/48/3a611655-20c7-f060-75c6-6707f080f1f4_1280x720.mp4,Wembanyama 3' Alley Oop Dunk (8 PTS) (Champagnie 2 AST)
https://videos.nba.com/nba/pbp/media/2023/11/17/0022300032/511/dfa2f2cf-4f22-19b5-6fbc-5e7f53027301_1280x720.mp4,Wembanyama 1' Cutting Dunk Shot (18 PTS) (Branham 2 AST)
https://videos.nba.com/nba/pbp/media/2023/11/17/0022300032/575/56be675d-16c3-6d3b-9598-331523cb8908_1280x720.mp4,Wembanyama 1' Cutting Dunk Shot (25 PTS) (Branham 4 AST)
https://videos.nba.com/nba/pbp/media/2024/03/22/0022301015/392/288a36c4-5d88-85c0-f2d5-7db44cbbe746_1280x720.mp4,Wembanyama 1' Alley Oop Dunk (19 PTS) (Vassell 3 AST)
https://videos.nba.com/nba/pbp/media/2024/03/22/0022301015/486/d091811a-b749-75cf-97d5-9e5adf601046_1280x720.mp4,Wembanyama 2' Running Alley Oop Dunk Shot (21 PTS) (Vassell 4 AST)
https://videos.nba.com/nba/pbp/media/2024/02/29/0022300853/69/55a7b9cf-0fb2-b634-66d2-79a671857650_1280x720.mp4,Wembanyama 1' Dunk (2 PTS) (Vassell 2 AST)
https://videos.nba.com/nba/pbp/media/2024/02/25/0022300825/273/5a55d863-8f73-ffbe-326f-2765942f44c3_1280x720.mp4,Wembanyama 3' Dunk (6 PTS) (Wesley 3 AST)
https://videos.nba.com/nba/pbp/media/2024/02/25/0022300825/321/0acc4f7a-7b38-3b66-1d25-677a1edf03e4_1280x720.mp4,Wembanyama 4' Alley Oop Dunk (10 PTS) (Vassell 1 AST)
https://videos.nba.com/nba/pbp/media/2024/02/25/0022300825/341/df9644e7-1ad1-067f-d5af-0c708112279b_1280x720.mp4,Wembanyama 4' Driving Dunk (12 PTS) (Vassell 2 AST)
https://videos.nba.com/nba/pbp/media/2024/02/25/0022300825/565/06f3805d-94aa-e696-9cdf-16b44c858652_1280x720.mp4,Wembanyama 5' Driving Dunk (20 PTS)
https://videos.nba.com/nba/pbp/media/2024/02/12/0022300764/18/bb766ee0-0427-d9fb-5c1c-bcbda26c589e_1280x720.mp4,Wembanyama 1' Running Alley Oop Dunk Shot (5 PTS) (Jones 1 AST)
https://videos.nba.com/nba/pbp/media/2024/02/12/0022300764/244/170e9bbe-b94f-2987-6c1f-51bdfff60350_1280x720.mp4,Wembanyama 1' Driving Dunk (19 PTS) (Osman 2 AST)
https://videos.nba.com/nba/pbp/media/2024/02/12/0022300764/486/e35a038a-bf2c-de95-d057-7649365baa88_1280x720.mp4,Wembanyama 1' Alley Oop Dunk (23 PTS) (Branham 2 AST)
https://videos.nba.com/nba/pbp/media/2024/02/12/0022300764/607/acd350e2-f5b8-25cd-ff20-e66856caba39_1280x720.mp4,Wembanyama Dunk (27 PTS) (Vassell 6 AST)
https://videos.nba.com/nba/pbp/media/2024/01/29/0022300665/13/130ddf58-c698-f067-afe8-57b1eba43feb_1280x720.mp4,Wembanyama 1' Cutting Dunk Shot (2 PTS) (Vassell 1 AST)
https://videos.nba.com/nba/pbp/media/2024/01/29/0022300665/232/299373ef-cfd4-7ebe-2f61-dd5f97fcddb9_1280x720.mp4,Wembanyama Tip Dunk Shot (12 PTS)
https://videos.nba.com/nba/pbp/media/2024/01/24/0022300622/258/ba039d0e-9673-b398-b93d-c075765a9dab_1280x720.mp4,Wembanyama Putback Dunk (11 PTS)
https://videos.nba.com/nba/pbp/media/2024/01/24/0022300622/310/8d551cff-5ccd-ce16-ea77-ababb1f786b9_1280x720.mp4,Wembanyama 1' Cutting Dunk Shot (13 PTS) (McDermott 1 AST)
https://videos.nba.com/nba/pbp/media/2024/01/24/0022300622/551/b1380e32-d5ba-2177-4c0a-2a3ffe4e9c27_1280x720.mp4,Wembanyama 1' Driving Dunk (20 PTS) (McDermott 2 AST)
https://videos.nba.com/nba/pbp/media/2024/01/20/0022300594/351/c1674aa3-f1b7-5603-bba7-1b93e250e461_1280x720.mp4,Wembanyama 3' Alley Oop Dunk (8 PTS) (Sochan 2 AST)
https://videos.nba.com/nba/pbp/media/2024/01/20/0022300594/539/131dd46c-f110-1a5c-1f1d-8d64ae1719ae_1280x720.mp4,Wembanyama 2' Alley Oop Dunk (17 PTS) (McDermott 1 AST)
https://videos.nba.com/nba/pbp/media/2024/01/12/0022300541/245/05b9e275-d448-7412-4bc2-25a963651830_1280x720.mp4,Wembanyama Tip Dunk Shot (6 PTS)
https://videos.nba.com/nba/pbp/media/2024/01/12/0022300541/281/f59e3c42-d32d-599d-8800-33b139a313b2_1280x720.mp4,Wembanyama 2' Cutting Dunk Shot (11 PTS) (Sochan 2 AST)
https://videos.nba.com/nba/pbp/media/2024/01/12/0022300541/391/949bdf1e-1f89-6678-7bb6-4c8129e6f9fb_1280x720.mp4,Wembanyama 2' Alley Oop Dunk (16 PTS) (Jones 4 AST)
https://videos.nba.com/nba/pbp/media/2024/01/12/0022300541/395/f7e30536-bdc3-06a3-c7ab-1a3262ad1453_1280x720.mp4,Wembanyama 3' Alley Oop Dunk (18 PTS) (Vassell 3 AST)
https://videos.nba.com/nba/pbp/media/2024/01/12/0022300541/403/a9a35b3e-53bd-64bc-1267-8f858ee15925_1280x720.mp4,Wembanyama 1' Driving Dunk (20 PTS) (Jones 5 AST)
https://videos.nba.com/nba/pbp/media/2024/01/10/0022300519/239/373b9b11-9b9d-5594-4081-1082e06da266_1280x720.mp4,Wembanyama 4' Putback Dunk (12 PTS)
https://videos.nba.com/nba/pbp/media/2024/01/10/0022300519/348/d065a0dc-125a-aa77-3f3d-01fd4ac1a2f9_1280x720.mp4,Wembanyama 2' Reverse Dunk (14 PTS)
https://videos.nba.com/nba/pbp/media/2024/01/10/0022300519/526/fe800862-3d83-97ae-d51f-f652781f6774_1280x720.mp4,Wembanyama 2' Alley Oop Dunk (16 PTS) (Osman 3 AST)
https://videos.nba.com/nba/pbp/media/2024/01/02/0022300460/37/74c41020-fefa-1b3f-e196-2a56fa3a531d_1280x720.mp4,Wembanyama 1' Alley Oop Dunk (2 PTS) (Branham 1 AST)
https://videos.nba.com/nba/pbp/media/2024/01/02/0022300460/42/8a1597cc-0fbc-c7c4-9c2a-abd901a10b1c_1280x720.mp4,Wembanyama 1' Alley Oop Dunk (4 PTS) (Vassell 1 AST)
https://videos.nba.com/nba/pbp/media/2024/01/02/0022300460/181/b7a7f500-e0d2-4fd7-c16d-d96e8121dd23_1280x720.mp4,Wembanyama 1' Driving Dunk (6 PTS)
https://videos.nba.com/nba/pbp/media/2024/01/02/0022300460/661/65f0cc7a-8f63-1955-87de-34d5ae45b1a0_1280x720.mp4,Wembanyama 2' Cutting Dunk Shot (20 PTS) (Vassell 3 AST)
https://videos.nba.com/nba/pbp/media/2023/12/26/0022300412/632/41d42def-2242-2e42-66d2-8ed2a7a515af_1280x720.mp4,Wembanyama Dunk (14 PTS) (Johnson 3 AST)
https://videos.nba.com/nba/pbp/media/2023/11/18/0022300206/389/a8277980-8909-5307-fb9d-6d6ab63ee0cb_1280x720.mp4,Wembanyama 3' Alley Oop Dunk (15 PTS) (Collins 4 AST)
https://videos.nba.com/nba/pbp/media/2023/11/14/0022300021/38/2749f4c7-e613-befd-8d22-3a7460382045_1280x720.mp4,Wembanyama 1' Driving Dunk (2 PTS) (Champagnie 1 AST)
https://videos.nba.com/nba/pbp/media/2023/11/14/0022300021/252/0c2d1aa2-c2b1-864b-41f7-72f35cbcaf7f_1280x720.mp4,Wembanyama 1' Dunk (6 PTS) (Champagnie 3 AST)
https://videos.nba.com/nba/pbp/media/2023/11/05/0022300141/137/93e8a096-e699-3475-5231-a7bcc2ff41ed_1280x720.mp4,Wembanyama 1' Driving Dunk (8 PTS) (Osman 1 AST)
https://videos.nba.com/nba/pbp/media/2024/03/27/0022301058/43/70fec9bc-54e7-90cd-a5f9-e1f261f68998_1280x720.mp4,Wembanyama 6' Cutting Dunk Shot (2 PTS) (Vassell 1 AST)
https://videos.nba.com/nba/pbp/media/2024/03/27/0022301058/206/9610d567-74ac-6f52-9c03-211534bb03b4_1280x720.mp4,Wembanyama 3' Alley Oop Dunk (4 PTS) (Jones 4 AST)
https://videos.nba.com/nba/pbp/media/2024/03/27/0022301058/223/2e949b5f-9a30-029c-564e-37bfb39874c1_1280x720.mp4,Wembanyama 3' Running Alley Oop Dunk Shot (6 PTS) (Osman 4 AST)
https://videos.nba.com/nba/pbp/media/2024/03/27/0022301058/508/218e8a1c-70a7-8f5b-4e79-1964dc7b1a39_1280x720.mp4,Wembanyama 3' Alley Oop Dunk (12 PTS) (Jones 7 AST)
https://videos.nba.com/nba/pbp/media/2024/03/27/0022301058/528/f0110d27-00fe-c0e7-762f-c114bba6a77a_1280x720.mp4,Wembanyama 2' Cutting Dunk Shot (14 PTS) (Osman 5 AST)
